,batch,cpu_clk,deQ_no_reason,deQ_sleep,deQ_wc_no_reason,deQ_wc_sleep,enQ_lb_mig,enQ_new,enQ_no_reason,enQ_wakeup,enQ_wakeup_mig,enQ_wc_lb_mig,enQ_wc_new,enQ_wc_no_reason,enQ_wc_wakeup,enQ_wc_wakeup_mig,fair_check_preempt_curr_hits,fair_check_preempt_curr_ns,fair_dequeue_task_hits,fair_dequeue_task_ns,fair_enqueue_task_hits,fair_enqueue_task_ns,fair_lb_idle_hits,fair_lb_idle_ns,fair_lb_periodic_hits,fair_lb_periodic_ns,fair_migrate_task_rq_hits,fair_migrate_task_rq_ns,fair_pick_next_task_hits,fair_pick_next_task_ns,fair_prio_changed_hits,fair_prio_changed_ns,fair_put_prev_task_hits,fair_put_prev_task_ns,fair_rq_offline_hits,fair_rq_offline_ns,fair_rq_online_hits,fair_rq_online_ns,fair_select_task_rq_hits,fair_select_task_rq_ns,fair_set_curr_task_hits,fair_set_curr_task_ns,fair_switched_from_hits,fair_switched_from_ns,fair_switched_to_hits,fair_switched_to_ns,fair_task_dead_hits,fair_task_dead_ns,fair_task_fork_hits,fair_task_fork_ns,fair_task_tick_hits,fair_task_tick_ns,fair_task_woken_hits,fair_task_woken_ns,fair_total_hits,fair_total_ns,fair_yield_task_hits,fair_yield_task_ns,fair_yield_to_task_hits,fair_yield_to_task_ns,file,idle_total_hits,idle_total_ns,ipanema_check_preempt_curr_hits,ipanema_check_preempt_curr_ns,ipanema_dequeue_task_hits,ipanema_dequeue_task_ns,ipanema_enqueue_task_hits,ipanema_enqueue_task_ns,ipanema_lb_idle_hits,ipanema_lb_idle_ns,ipanema_lb_periodic_hits,ipanema_lb_periodic_ns,ipanema_migrate_task_rq_hits,ipanema_migrate_task_rq_ns,ipanema_pick_next_task_hits,ipanema_pick_next_task_ns,ipanema_prio_changed_hits,ipanema_prio_changed_ns,ipanema_put_prev_task_hits,ipanema_put_prev_task_ns,ipanema_rq_offline_hits,ipanema_rq_offline_ns,ipanema_rq_online_hits,ipanema_rq_online_ns,ipanema_select_task_rq_hits,ipanema_select_task_rq_ns,ipanema_set_curr_task_hits,ipanema_set_curr_task_ns,ipanema_switched_from_hits,ipanema_switched_from_ns,ipanema_switched_to_hits,ipanema_switched_to_ns,ipanema_task_dead_hits,ipanema_task_dead_ns,ipanema_task_fork_hits,ipanema_task_fork_ns,ipanema_task_tick_hits,ipanema_task_tick_ns,ipanema_task_woken_hits,ipanema_task_woken_ns,ipanema_total_hits,ipanema_total_ns,ipanema_yield_task_hits,ipanema_yield_task_ns,ipanema_yield_to_task_hits,ipanema_yield_to_task_ns,kernel,ktime,machine,procstat_guest,procstat_guest_nice,procstat_idle,procstat_iowait,procstat_irq,procstat_nice,procstat_softirq,procstat_steal,procstat_system,procstat_total,procstat_user,sched_clk,sched_total_ns,scheduler,st_mtime,tasks,time
0,kbuild 4.19,59883.780518000014,78208,311027,0,0,44903,33287,33305,232569,45171,17241,24475,0,173357,37014,76756,21456087,363122,1934097872,363122,862527060,989,17404719,289395,2745546383,90071,84091819,581246,4714355916,0,0,285565,187940215,0,0,0,0,278410,1684957950,32655,17630428,0,0,0,0,32637,25480466,32637,225175963,991101,9889516506,0,0,3417709,22410196529,3,15145,0,0,/root/storage/i80/kbuild/4.19/578c2cb025fc87dadef8b8aef1d33821/data/4uKvVcDvlHo8Kr,249876,5182177023538,0,0,0,0,0,0,0,0,1266579,12283272465,0,0,18494,21341270,0,0,0,0,0,0,0,0,0,0,0,0,0,0,0,0,0,0,0,0,0,0,0,0,1285073,12304613735,0,0,0,0,4.19.0-ipanema-g5ac2a058435c,59885.76136799995,i80,0,0,559077,20,0,0,302,0,241365,955987,155223,59883.780518000014,426370121048,Linux,1554717302.9136512,128,45.0
1,kbuild 4.19,71256.66063300008,48479,286982,0,0,15181,33295,33298,237700,15987,12952,31653,0,197102,14972,31095,12512360,316579,763959983,316579,429560212,614,5765369,462956,3519759855,31168,24553027,561559,1855923043,0,0,285197,73279705,0,0,0,0,253704,980848297,32648,17076324,0,0,0,0,32645,22042207,32645,96363189,362455,2080518765,0,0,2719844,9882162336,0,0,0,0,/root/storage/i80/kbuild/4.19/578c2cb025fc87dadef8b8aef1d33821/data/3uOxQxMpnrlvA3,254212,9293726992256,0,0,0,0,0,0,0,0,857980,4655116583,0,0,14872,16094251,0,0,0,0,0,0,0,0,0,0,0,0,0,0,0,0,0,0,0,0,0,0,0,0,872852,4671210834,0,0,0,0,4.19.0-ipanema-g5ac2a058435c,71258.83681699983,i80,0,0,992512,33,0,0,360,0,42009,1138145,103231,71256.6606350001,503492756512,Linux,1554716021.2065806,32,56.45
2,kbuild 4.19,64469.34467900009,88091,318831,0,0,54777,33284,33314,265047,20500,1412,9714,0,115411,3095,217497,71422599,377891,1801586689,377891,1516382600,170,2882460,147351,1636285342,75272,67005496,700596,2577329034,0,0,181406,201853669,0,0,0,0,278780,2030014625,32664,17963872,0,0,0,0,32634,25377331,32634,212101891,1132149,10998037550,0,0,3586953,21158328127,18,84969,0,0,/root/storage/i80/kbuild/4.19/578c2cb025fc87dadef8b8aef1d33821/data/pBVttXb5ooc0lw,127077,5081282386300,0,0,0,0,0,0,0,0,1244901,19316038576,0,0,2750,2901277,0,0,0,0,0,0,0,0,0,0,0,0,0,0,0,0,0,0,0,0,0,0,0,0,1247651,19318939853,0,0,0,0,4.19.0-ipanema-g5ac2a058435c,64470.253647999954,i80,0,0,577332,15,0,0,603,0,286242,1030632,166440,64469.34467599995,475657197932,Linux,1554715401.3208315,256,48.6
3,kbuild 4.19,64775.523486999795,56018,303398,0,0,22727,33286,33291,237125,32987,14036,31049,0,195978,28633,40126,13419354,339386,1710523407,339386,589410392,718,8347138,624474,5809653300,55712,49974466,584765,3479861012,0,0,298811,131777860,0,0,0,0,275799,1417353408,32641,17019022,0,0,0,0,32635,22977101,32636,192760956,558452,5019733253,0,0,3215542,18462812891,1,2222,0,0,/root/storage/i80/kbuild/4.19/578c2cb025fc87dadef8b8aef1d33821/data/KtkgHnSHUgxDCK,267208,7524511818714,0,0,0,0,0,0,0,0,1255968,19161517915,0,0,15705,18525244,0,0,0,0,0,0,0,0,0,0,0,0,0,0,0,0,0,0,0,0,0,0,0,0,1271673,19180043159,0,0,0,0,4.19.0-ipanema-g5ac2a058435c,64778.58924699994,i80,0,0,808303,26,0,0,231,0,108970,1032219,114689,64775.523486999795,532860243234,Linux,1554716812.4228876,64,49.03
4,kbuild 4.19,62778.46449300001,96124,317473,0,0,62781,33286,33343,262934,21253,1046,9704,0,117157,1760,225309,72505943,385457,1789129383,385459,1489982887,67,1030278,152730,1850767443,84029,73471739,880263,3741130062,0,0,181228,193617692,0,0,0,0,269939,1957088022,32682,18137045,0,0,0,0,32648,24640399,32635,208751046,1135326,11212661066,0,0,3797779,22632956386,7,43381,0,0,/root/storage/i80/kbuild/4.19/578c2cb025fc87dadef8b8aef1d33821/data/OgjWFSW6hu9SP0,127298,5035728923128,0,0,0,0,0,0,0,0,1239023,9478758141,0,0,2418,2445951,0,0,0,0,0,0,0,0,0,0,0,0,0,0,0,0,0,0,0,0,0,0,0,0,1241441,9481204092,0,0,0,0,4.19.0-ipanema-g5ac2a058435c,62780.889532,i80,0,0,549389,22,0,0,295,0,283721,1003911,170484,62778.46449599997,411841049891,Linux,1554714895.3047538,512,47.89
5,kbuild 4.19,69759.22832700005,33405,262185,0,0,91,33314,33314,217279,11592,31,33098,0,192720,11504,61,27081,53303,134308102,53303,131773940,0,0,106620,660931744,37,58427,519033,832374447,0,0,53015,6755943,0,0,0,0,11805,19541732,52,31590,1,805,0,0,52,33810,54,145902,159,705775,0,0,797502,1786701433,7,12135,0,0,/root/storage/i80/kbuild/4.19/0d879547f02fbcb446dbaf009244be60/data/GGLUrBDSfk2I7A,235133,9283690694182,70,3027,236471,393417395,236471,236713426,203600,1572632109,665445,5390655344,11645,282036,436256,1914795105,0,0,259870,78934016,0,0,0,0,232417,350781180,32612,4958076,0,0,1,87,32611,1348463,32610,3069754,351819,1147648732,203833,4681333,2935731,11099920083,0,0,0,0,4.19.0-ipanema-g5ac2a058435c,69762.01317099994,i80,0,0,973389,208,0,0,393,0,47061,1115027,93976,69759.22832700005,547700294585,cfs_wwc_lookalike scheduling policy,1554715854.7450972,32,55.04
6,kbuild 4.19,61267.11540500005,57807,232142,0,0,24495,33314,33312,157110,41718,125,11338,0,114637,3157,271,121221,49374,304132696,49375,155052165,0,0,96169,726329369,198,367639,416658,1395561256,0,0,48716,7813072,0,0,0,0,10847,40010013,51,30886,1,785,0,0,50,32134,54,159591,285,1977041,0,0,672950,2636016231,901,4428363,0,0,/root/storage/i80/kbuild/4.19/0d879547f02fbcb446dbaf009244be60/data/D0fik6x116Ez8B,126992,4909900510346,63521,2176866,235102,602668374,235102,200366797,135216,1126359337,1163035,11198567566,66015,1970992,353508,1520852993,0,0,259014,275971205,0,0,0,0,206728,671782511,32612,6639382,0,0,1,83,32611,1824817,32610,3952011,1114344,5621255482,178179,4049486,4107598,21238437902,0,0,0,0,4.19.0-ipanema-g5ac2a058435c,61267.978924999945,i80,0,0,533675,12,0,0,96,0,283218,979861,162860,61267.11540500005,850294224888,cfs_wwc_lookalike scheduling policy,1554715462.8936994,256,46.47
7,kbuild 4.19,60046.00282000005,36869,303339,0,0,3557,33311,33312,225949,44079,44,32450,0,195046,34377,71,32807,49847,317543321,49848,156124580,0,0,79784,657830548,606,1084620,601135,3435396757,0,0,49458,7597635,0,0,0,0,9188,26932377,50,32519,1,765,0,0,50,34850,51,133405,221,1391495,0,0,840310,4604135679,0,0,0,0,/root/storage/i80/kbuild/4.19/0d879547f02fbcb446dbaf009244be60/data/jNouROficUfpAG,260219,5267019432520,12014,622408,284857,958962931,284857,340220000,237289,2036667265,1198650,15424577500,47029,1297832,526409,2544738224,0,0,306325,373647460,0,0,0,0,277342,639662284,32612,6172010,0,0,1,83,32611,1543497,32610,3777542,974527,5595754290,248902,5884076,4496035,27933527402,0,0,0,0,4.19.0-ipanema-g5ac2a058435c,60048.545236999635,i80,0,0,566408,30,0,0,43,0,235750,956606,154375,60046.0028169998,950158091963,cfs_wwc_lookalike scheduling policy,1554716934.9682307,128,45.26
8,kbuild 4.19,61547.63578699995,33464,278302,0,0,151,33312,33313,230690,14300,44,33003,0,207721,14142,50,37029,50455,265493793,50456,142619129,0,0,255789,1982277790,189,335951,553879,1419193993,0,0,50193,6766967,0,0,0,0,10004,23139861,51,31190,1,772,0,0,51,32946,52,142554,227,1435542,0,0,971401,3841526272,4,18755,0,0,/root/storage/i80/kbuild/4.19/0d879547f02fbcb446dbaf009244be60/data/H34Nhu6ryCJEWH,252561,7072538983898,171,7707,255662,787338469,255662,320576460,222570,1880491167,1035489,15503214347,14260,351410,474838,2321477712,0,0,277290,141395479,0,0,0,0,251552,456912369,32612,5417753,0,0,1,83,32611,1350229,32610,3257931,537681,3462486017,223068,5397495,3646077,24889674628,0,0,0,0,4.19.0-ipanema-g5ac2a058435c,61549.01064400002,i80,0,0,766063,65,0,0,422,0,109386,981955,106019,61547.63578999997,748987699213,cfs_wwc_lookalike scheduling policy,1554716424.3325713,64,46.76
9,kbuild 4.19,61476.05485100002,51684,228643,0,0,18372,33320,33312,156497,38826,94,11001,0,113569,2858,205,87301,49911,306471363,49912,158675298,0,0,77895,594012181,177,303002,410633,1141885463,0,0,49346,8071103,0,0,0,0,11154,41661001,50,29980,1,722,0,0,50,32920,59,164037,288,1810095,0,0,649689,2253245059,8,40593,0,0,/root/storage/i80/kbuild/4.19/0d879547f02fbcb446dbaf009244be60/data/zC1IDVEG2hCoo7,125069,4729506450341,61135,2086673,224719,570039339,224719,193949557,127971,1033568685,1163886,11248156272,57019,1747112,348210,1424407796,0,0,257337,275413004,0,0,0,0,202466,663496815,32612,6726967,0,0,1,87,32611,1880213,32610,3966703,1119218,5673775036,173918,3974816,4058432,21103189075,0,0,0,0,4.19.0-ipanema-g5ac2a058435c,61477.495552999986,i80,0,0,534899,118,0,0,65,0,283016,983108,165010,61476.054854000016,847849805549,cfs_wwc_lookalike scheduling policy,1554714832.1502485,512,46.47
10,kbuild 4.19,62181.601823000005,34908,285851,135,0,1596,33311,33312,227184,25356,1561,32990,0,205576,24302,36,17592,47435,214655291,47435,144330219,0,0,250827,1823960516,449,798769,563359,1627136212,0,0,47164,6902429,0,0,0,0,9931,22689902,50,30707,1,849,0,0,50,31102,51,134636,166,849360,0,0,966954,3841537584,0,0,0,0,/root/storage/i80/kbuild/4.19/731b7d19eafcc87b6c13d9061e86db42/data/ugmbLqVnXzvR2a,262200,7283814886323,571,35506,267794,624759859,267794,224392162,230539,756753997,1031677,11762942267,26503,729878,486940,1171699695,0,0,285992,139078235,0,0,0,0,262239,376089375,32612,5445893,0,0,1,87,32611,1542707,32610,3558394,554087,1398554588,233778,5586956,3745748,16471169599,0,0,0,0,4.19.0-ipanema-g5ac2a058435c,62183.04398600012,i80,0,0,770346,20,0,0,292,0,100913,992602,121031,62181.601823000005,774725418140,ule scheduling policy,1554716610.9446313,64,47.0
11,kbuild 4.19,59611.37743200001,153011,228974,53,0,119690,33317,33321,147510,48147,2584,19261,0,113391,23692,437,118361,44445,273891796,44445,140109053,9,100531,79840,649075777,683,1160613,417386,1691701003,0,0,43610,7419298,0,0,0,0,10535,38058688,59,35868,1,758,0,0,56,41844,57,154371,1598,12074266,0,0,643168,2814003729,7,61502,0,0,/root/storage/i80/kbuild/4.19/731b7d19eafcc87b6c13d9061e86db42/data/8QuZSUfwZGlc2q,156589,4306960842970,37821,1253793,332020,949213439,332020,205371334,142341,436186241,1168446,12859051081,167154,4303452,356817,765622755,0,0,244709,233312642,0,0,0,0,208515,774874677,32612,6705336,0,0,1,101,32611,1849948,32610,3672534,1114487,4049866276,180009,4312355,4382173,20295595964,0,0,0,0,4.19.0-ipanema-g5ac2a058435c,59612.21749199997,i80,0,0,506049,22,0,0,183,0,283439,952847,163154,59611.377431,1064661485480,ule scheduling policy,1554715522.3585374,256,44.75
12,kbuild 4.19,71627.23279999988,34809,271879,259,0,1497,33313,33312,220024,18542,1484,33145,0,193805,17987,74,35161,55122,127882363,55123,145729744,0,0,242520,1620755065,128,227973,535843,988392859,0,0,54782,7555732,0,0,0,0,12422,20135415,50,30757,1,752,0,0,50,32847,53,140355,220,1331342,0,0,956397,2912278058,9,27693,0,0,/root/storage/i80/kbuild/4.19/731b7d19eafcc87b6c13d9061e86db42/data/TMCuhDO299Ofg4,244054,9235359517503,262,11959,245623,332505825,245623,195240091,209388,410823514,698667,4681978007,19909,547053,449207,773767354,0,0,268950,75763772,0,0,0,0,240160,304409293,32612,4992431,0,0,1,100,32611,1531660,32610,3036945,367258,761251740,211595,5187671,3054476,7551047415,0,0,0,0,4.19.0-ipanema-g5ac2a058435c,71628.92962900014,i80,0,0,997039,62,0,0,330,0,42798,1144660,104431,71627.23279299983,880113429717,ule scheduling policy,1554716301.7417958,32,57.07
13,kbuild 4.19,58581.48030699976,36548,291431,34,0,3236,33311,33312,205360,52759,1971,32286,0,181258,45873,71,31661,44993,289146946,44993,141571741,0,0,62331,528567494,1425,2277042,569561,3534308219,0,0,44720,6937727,0,0,0,0,9114,31907958,50,30956,1,825,0,0,50,40859,51,149562,236,1575410,0,0,777607,4536610470,11,64070,0,0,/root/storage/i80/kbuild/4.19/731b7d19eafcc87b6c13d9061e86db42/data/NeZG2HvitWdMBY,259671,4987903500724,4603,178817,277611,850569311,277611,277510615,233613,1334513402,1192955,15058195589,54569,1538689,499348,1810412933,0,0,295842,359938294,0,0,0,0,270415,589982839,32612,6223032,0,0,1,80,32611,1601201,32610,3856746,986268,3496918891,242135,5824403,4432804,23797264842,0,0,0,0,4.19.0-ipanema-g5ac2a058435c,58583.481477000285,i80,0,0,540600,38,0,0,96,0,240205,935563,154624,58581.48030299973,1193438192551,ule scheduling policy,1554717242.883663,128,44.2
14,kbuild 4.19,59821.078429999994,163077,225285,55,0,129764,33314,33313,148513,43458,1280,14605,0,111442,13928,286,118144,45368,280865675,45369,147500211,0,0,41861,355012568,392,635781,397801,1027467649,0,0,44729,7618919,0,0,0,0,11094,40928202,51,29747,1,786,0,0,51,32010,54,159227,305,2081644,0,0,587719,1864472467,357,2021904,0,0,/root/storage/i80/kbuild/4.19/731b7d19eafcc87b6c13d9061e86db42/data/s1aXjaSYUjb1VN,138820,4474331702026,48954,1593891,337491,954145081,337491,182190091,126420,344448246,1163835,12690913594,172829,4455358,338645,665327616,0,0,243187,206880002,0,0,0,0,203854,745271250,32612,6660901,0,0,1,100,32611,1876729,32610,3754294,1116553,4033406606,175363,4021687,4362456,19844945446,0,0,0,0,4.19.0-ipanema-g5ac2a058435c,59821.931048,i80,0,0,509484,21,0,0,122,0,283448,956580,163505,59821.07842200005,1029007082201,ule scheduling policy,1554715212.4021635,512,45.09
15,kbuild 4.19,69418.88191899983,33480,260362,0,0,167,33311,33313,211098,15953,160,33005,0,185907,15836,41,22898,53932,134708746,53932,126609004,0,0,182996,1076307413,20,30783,511916,809884648,0,0,53645,6824818,0,0,0,0,11752,19123286,51,31650,1,762,0,0,51,33500,51,135699,156,619752,0,0,868544,2174332959,0,0,0,0,/root/storage/i80/kbuild/4.19/8defc41a4c9db2dd4512e1e685cc8f9f/data/0JZyzNZhTWdrWe,232556,8938185083017,108,4287,234098,344349285,234098,237875039,200836,93132531,645750,6695931105,16099,401441,428374,445994432,0,0,257900,73584389,0,0,0,0,229964,402042390,32612,4838341,0,0,1,100,32611,1358363,32610,3023645,350823,574067673,201379,4750748,2897263,8881353769,0,0,0,0,4.19.0-ipanema-g5ac2a058435c,69420.60233099991,i80,0,0,966007,56,0,0,913,0,46947,1107610,93687,69418.8819360002,524652420716,ule_wwc_v3 scheduling policy,1554716229.916092,32,54.27
16,kbuild 4.19,59684.876437999774,36173,293874,0,0,2861,33312,33312,219376,41186,2342,31917,0,191382,37033,45,34142,46233,289967964,46234,145942050,1,12038,51121,450461617,523,903899,573093,3257105141,0,0,45946,6912261,0,0,0,0,9086,26618800,50,32106,1,999,0,0,50,30610,52,147436,285,1971170,0,0,772721,4180148490,1,8257,0,0,/root/storage/i80/kbuild/4.19/8defc41a4c9db2dd4512e1e685cc8f9f/data/MGZ7Rt8B1wYRaR,260775,5029258744113,6414,493677,278292,868485376,278292,349864264,233547,160427149,1196399,18619288799,43523,1240170,501741,650462091,0,0,297339,343004207,0,0,0,0,271472,736869205,32612,6122337,0,0,1,120,32611,1561449,32610,3741604,979378,3434671925,243090,5917522,4427321,25182149895,0,0,0,0,4.19.0-ipanema-g5ac2a058435c,59686.98775899969,i80,0,0,560889,160,0,0,127,0,238191,953236,153869,59684.87643800024,1306494221396,ule_wwc_v3 scheduling policy,1554717184.1536539,128,44.53
17,kbuild 4.19,61709.81495199981,40064,228896,0,0,6751,33315,33313,164085,31496,4332,15352,0,117146,13713,166,79623,46765,280923399,46765,148914849,0,0,50145,423315648,472,811972,406581,1289979413,0,0,46199,7506428,0,0,0,0,10952,38122175,50,31338,1,835,0,0,50,30843,55,165709,414,2955193,0,0,608626,2192872686,11,35261,0,0,/root/storage/i80/kbuild/4.19/8defc41a4c9db2dd4512e1e685cc8f9f/data/4DylX0xBmENFng,148202,4655148905753,48480,2155313,216532,520969348,216532,210085010,130334,61276301,1167015,16104116610,37773,1288794,343324,389931653,0,0,241944,208229837,0,0,0,0,205909,691923442,32612,6685959,0,0,1,87,32611,1865601,32610,3923771,1120074,4007523758,177389,4224831,4003140,22214200315,0,0,0,0,4.19.0-ipanema-g5ac2a058435c,61713.14050400001,i80,0,0,537948,126,0,0,120,0,285150,986562,163218,61709.81495100004,1145388317853,ule_wwc_v3 scheduling policy,1554715713.4309766,256,46.75
18,kbuild 4.19,63100.16005599999,40701,234640,0,0,7395,33316,33306,172113,29211,3154,13642,0,122625,10114,144,61325,47672,284718928,47673,146716216,0,0,91928,751117324,347,605275,413399,984053054,0,0,47168,7749297,0,0,0,0,11059,41283126,44,26954,1,805,0,0,42,31852,56,182092,403,2801586,0,0,659939,2219369368,3,21534,0,0,/root/storage/i80/kbuild/4.19/8defc41a4c9db2dd4512e1e685cc8f9f/data/aWmjE1X1YZowal,147251,4967893809402,52023,2251990,222044,525273256,222044,217588806,130926,59962752,1164192,16088195528,36260,1259727,351053,397798826,0,0,249483,205618450,0,0,0,0,210751,696087894,32613,6715337,0,0,1,83,32612,1790276,32611,4006682,1118343,4023256055,182234,4408712,4037190,22234214374,0,0,0,0,4.19.0-ipanema-g5ac2a058435c,63101.54929600001,i80,0,0,560903,44,0,0,137,0,284659,1008745,163002,63100.160053,1159194047731,ule_wwc_v3 scheduling policy,1554714770.436914,512,46.16
19,kbuild 4.19,62140.15118500008,33722,287173,0,0,409,33313,33313,229785,24075,363,32800,0,206698,23101,47,18083,49614,259396345,49614,140695413,0,0,213325,1620395815,182,325850,564155,2024234453,0,0,49320,6627626,0,0,0,0,10117,23537609,52,31583,1,802,0,0,51,36831,53,164820,218,1266993,0,0,936749,4076732223,0,0,0,0,/root/storage/i80/kbuild/4.19/8defc41a4c9db2dd4512e1e685cc8f9f/data/LqF4o6w14oQf2E,260830,7275317767143,298,15016,265787,776700607,265787,340924423,230356,158922109,1029560,15546296301,24294,603458,485897,632372294,0,0,286064,189906724,0,0,0,0,261427,567003298,32612,5398885,0,0,1,87,32611,1441808,32610,3347232,536318,1466885902,232939,5695842,3716561,19695513986,0,0,0,0,4.19.0-ipanema-g5ac2a058435c,62141.51143299998,i80,0,0,773764,59,0,0,701,0,109178,989378,105676,62140.151188000105,835664325612,ule_wwc_v3 scheduling policy,1554716486.6619368,64,46.97
20,kbuild 4.19,61959.316314999945,42312,309375,0,0,8990,33312,33322,218575,57488,618,30878,0,181692,43661,71,29413,58433,367075302,58433,172096554,0,0,132943,1008316875,370,635034,862098,3599481307,0,0,57923,8554713,0,0,0,0,11422,28891895,60,37407,1,639,0,0,51,39850,52,136062,375,2711763,0,0,1182236,5188013316,4,6502,0,0,/root/storage/i80/kbuild/4.19/32f4e46a4490bf18dc9f37c098fd53c5/data/XwJtPniajJ73sK,255190,5422384480536,12725,467877,287734,973604022,287734,316563740,233199,1106450333,1149444,20826935340,66108,1829983,777691,2026735290,0,0,312541,376216086,0,0,0,0,274799,1086396185,32612,5213359,0,0,1,89,32611,1548546,32610,3705198,979522,6925090278,246396,5881584,4725727,33656637910,0,0,0,0,4.19.0-ipanema-g5ac2a058435c,61962.0819430002,i80,0,0,597094,49,0,0,135,0,237017,989418,155123,61959.316313000396,560416512058,cfs_wwc_flat_4msLB scheduling policy,1554716874.593669,128,46.08
21,kbuild 4.19,71239.13790099998,34289,268888,0,0,976,33312,33313,206113,29463,104,32553,0,172743,28175,71,32234,60763,144024903,60763,138512401,0,0,58626,324280486,31,56036,609489,909180389,0,0,60341,7262309,0,0,0,0,13488,21633956,50,30989,1,769,0,0,50,31745,51,134694,161,669020,0,0,863885,1545849931,0,0,0,0,/root/storage/i80/kbuild/4.19/32f4e46a4490bf18dc9f37c098fd53c5/data/zipVie9z6a0ydx,231414,9304479504611,397,13134,236251,398003161,236251,219278640,201921,733003455,460375,8143323539,30401,674019,520307,1173443093,0,0,266774,78640527,0,0,0,0,231308,581619886,32612,4410196,0,0,1,104,32611,1170685,32610,3068748,350605,1159527020,202738,4406665,2835162,12500582872,0,0,0,0,4.19.0-ipanema-g5ac2a058435c,71242.42838100018,i80,0,0,995837,61,0,0,659,0,47437,1137115,93121,71239.13790099998,424907666655,cfs_wwc_flat_4msLB scheduling policy,1554715784.7622898,32,55.3
22,kbuild 4.19,63580.29048300005,86667,238606,0,0,53354,33316,33313,161398,43892,709,11431,0,111652,6449,214,118228,58843,344075924,58844,183984476,0,0,44154,353601872,133,224735,714558,897539854,0,0,58220,8984462,0,0,0,0,12719,41377354,51,31064,1,818,0,0,51,33669,56,157747,945,7419249,0,0,948911,1838222965,122,673513,0,0,/root/storage/i80/kbuild/4.19/32f4e46a4490bf18dc9f37c098fd53c5/data/vS6EBNmyj9oFj4,128049,5138547391565,60828,2017871,260764,719365786,260764,202120752,118169,512939181,1156139,25876802901,97113,2929369,640785,1757138383,0,0,410444,612250726,0,0,0,0,203497,816778051,32612,5623984,0,0,1,83,32611,1767686,32610,4169036,1125463,7164763420,175000,4078586,4606800,37682745815,0,0,0,0,4.19.0-ipanema-g5ac2a058435c,63581.25867399998,i80,0,0,566064,25,0,0,362,0,282976,1016973,167546,63580.29048899998,501409875790,cfs_wwc_flat_4msLB scheduling policy,1554715090.6844113,512,47.47
23,kbuild 4.19,63101.482921999996,73343,241415,0,0,40031,33314,33312,158200,49901,1113,11848,0,110539,7553,280,124107,55757,334628665,55758,174698213,0,0,34885,254037183,174,279198,718986,1154129156,0,0,55091,8582365,0,0,0,0,12411,42358376,50,30336,1,772,0,0,50,30805,54,147674,894,7008730,0,0,934483,1976585199,92,529619,0,0,/root/storage/i80/kbuild/4.19/32f4e46a4490bf18dc9f37c098fd53c5/data/G6SvWINsla1d2Q,128723,4863475717622,65249,2127664,253314,701583013,253314,202199962,122374,592842365,1161408,24334550557,89757,2700314,647795,1558597771,0,0,316304,361978905,0,0,0,0,209386,841486994,32612,5645749,0,0,1,84,32611,1719840,32610,4046132,1135065,7067134160,180866,4205796,4532666,35680819306,0,0,0,0,4.19.0-ipanema-g5ac2a058435c,63102.37358599994,i80,0,0,554636,14,0,0,311,0,288729,1009341,165651,63101.48292500002,612537988752,cfs_wwc_flat_4msLB scheduling policy,1554715336.6959205,256,47.29
24,kbuild 4.19,62267.33681300003,34978,293913,0,0,1660,33314,33318,222500,38099,253,31982,0,180070,35539,66,26620,67305,349072524,67305,175012069,0,0,108173,700565797,48,78531,707010,1630277074,0,0,66904,8106675,0,0,0,0,11634,24092153,56,35030,1,872,0,0,55,37414,54,143106,175,932349,0,0,1028786,2888380214,0,0,0,0,/root/storage/i80/kbuild/4.19/32f4e46a4490bf18dc9f37c098fd53c5/data/3aBiUNzjrJFJYg,246121,7287286846607,990,34136,256015,757090001,256015,276131564,219944,887582419,667969,11318922865,39710,896860,613220,1497444648,0,0,294761,192344401,0,0,0,0,250388,761184904,32612,4611386,0,0,1,84,32611,1213874,32610,3132136,537177,3128723302,221914,4854147,3455937,18834166727,0,0,0,0,4.19.0-ipanema-g5ac2a058435c,62270.474056999665,i80,0,0,779971,14,0,0,401,0,110063,995580,105131,62267.33680799976,434499163463,cfs_wwc_flat_4msLB scheduling policy,1554716747.4998074,64,46.43
25,kbuild 4.19,67612.99598900008,162799,167631,1,0,129487,33312,33312,87365,46954,10421,1908,0,21216,521,60,26384,47870,251165275,47871,144227619,0,0,101969,823333232,499,861528,243089,1467993224,0,0,47556,7462999,0,0,0,0,11101,29434841,51,31148,1,762,0,0,50,31064,52,149396,203,1269646,0,0,500372,2725987118,0,0,0,0,/root/storage/i80/kbuild/4.19/fac232e69f8056e467c7eb5cf259f252/data/YVlf5c0sqOnejy,31746,6866680596089,109728,3008660,276805,674980252,276805,144801928,23611,612281314,1075306,12140565877,175942,4156909,180344,858909427,0,0,181474,177095401,0,0,0,0,143367,648065052,32612,5501894,0,0,1,101,32611,1512287,32610,3400248,853355,4673606722,114739,2650651,3509310,19950536723,0,0,0,0,4.19.0-ipanema-g5ac2a058435c,67617.29779799993,i80,0,0,737902,31,0,0,445,0,189855,1080038,151805,67612.99597300007,712784469832,cfs_wwc_dumb_new_unblock scheduling policy,1554715651.5556219,256,50.36
26,kbuild 4.19,74039.32482500002,146683,202623,3,0,113371,33311,33312,112294,57018,11061,1165,0,22097,116,54,24122,53568,125011477,53568,138192382,0,0,83392,480670415,89,137664,272256,1351694079,0,0,53175,7762459,0,0,0,0,12452,19287181,50,31469,1,795,0,0,50,32510,51,125667,167,692679,0,0,528880,2123676688,7,13789,0,0,/root/storage/i80/kbuild/4.19/fac232e69f8056e467c7eb5cf259f252/data/8jVeaeXXqYpkOX,31971,9326049140184,140087,4278803,289581,327380969,289581,130330033,25282,419782636,593729,3300905390,170299,3866047,202953,628616766,0,0,213811,107707763,0,0,0,0,172242,596771361,32612,4801344,0,0,1,100,32611,1490538,32610,3176229,443775,1347557676,143606,3226458,2782780,6879892113,0,0,0,0,4.19.0-ipanema-g5ac2a058435c,74043.33181899996,i80,0,0,1002582,24,0,0,336,0,44508,1180764,133314,74039.324822,361579946897,cfs_wwc_dumb_new_unblock scheduling policy,1554716685.1606586,64,56.17
27,kbuild 4.19,68859.72838200023,171487,185507,2,0,138174,33311,33313,95297,56899,11745,1493,0,22511,210,46,21372,47329,212840315,47330,139866192,0,0,98174,738396517,177,294212,255316,1562248298,0,0,47073,7284150,0,0,0,0,11142,24174966,51,31265,1,832,0,0,51,33611,51,138131,172,865425,0,0,506913,2686195286,0,0,0,0,/root/storage/i80/kbuild/4.19/fac232e69f8056e467c7eb5cf259f252/data/vpBgZSUYcF2BqP,33446,7718851460291,128262,3781540,303633,619646149,303633,145796812,26190,625163241,972849,10078360697,194894,4472730,192338,864412338,0,0,197304,159595334,0,0,0,0,161504,658794343,32612,5106961,0,0,1,84,32611,1458895,32610,3435114,663468,3333369994,132868,3031282,3374777,16506425514,0,0,0,0,4.19.0-ipanema-g5ac2a058435c,68862.37454500003,i80,0,0,833423,22,0,0,756,0,124095,1099904,141608,68859.72838199977,665337677994,cfs_wwc_dumb_new_unblock scheduling policy,1554717064.3413265,128,51.42
28,kbuild 4.19,94852.26042800001,117318,207696,0,0,84006,33316,33312,129378,45002,7322,885,0,30169,265,68,29482,59060,119543874,59060,154177934,0,0,46821,217583984,47,73470,283847,1553277742,0,0,58649,8700852,0,0,0,0,16082,22185150,50,31001,1,812,0,0,50,30783,56,148397,203,921143,0,0,524002,2076720926,8,16302,0,0,/root/storage/i80/kbuild/4.19/fac232e69f8056e467c7eb5cf259f252/data/L5wKuOoKj9QfkH,36275,12614936756861,133437,3475442,259033,268077559,259033,118937265,32038,414324583,520444,1514971847,128957,3183602,206533,627538218,0,0,215507,104047836,0,0,0,0,171067,604152604,32612,4870963,0,0,1,87,32611,1421753,32610,3202030,435105,855771224,142427,3446677,2601415,4527421690,0,0,0,0,4.19.0-ipanema-g5ac2a058435c,94855.53601799998,i80,0,0,1342121,70,0,0,752,0,35267,1517308,139098,94852.26042800001,330832656422,cfs_wwc_dumb_new_unblock scheduling policy,1554715949.7923927,32,77.89
29,kbuild 4.19,69438.54145800002,160190,165028,2,0,126871,33319,33319,86956,44753,10325,1629,0,21311,495,100,41964,48134,246213366,48135,140868809,0,0,185459,1483728571,472,801069,241268,1451428568,0,0,47743,7527780,0,0,0,0,11323,28208479,57,33865,1,735,0,0,56,34068,59,152913,217,1320060,0,0,583026,3360369416,2,9169,0,0,/root/storage/i80/kbuild/4.19/fac232e69f8056e467c7eb5cf259f252/data/gkCuks5ITxtwBk,31282,6873616129078,106952,2896893,271113,632966587,271113,140846925,22663,580340527,1078082,11336929227,171150,4072097,178282,824546664,0,0,179192,177137572,0,0,0,0,140292,632162036,32612,5455071,0,0,1,87,32611,1615982,32610,3522280,870938,4715173905,111659,2590164,3499270,19060256017,0,0,0,0,4.19.0-ipanema-g5ac2a058435c,69440.122921,i80,0,0,759898,41,0,0,488,0,196609,1109115,152079,69438.54145700001,711104339465,cfs_wwc_dumb_new_unblock scheduling policy,1554714965.1703708,512,52.13
30,kbuild 4.19,69193.76834499999,34201,270754,0,0,884,33317,33317,206781,30656,4,32471,0,173579,29338,65,33929,59323,150637076,59323,132847319,0,0,131394,713532064,54,67181,613929,919698080,0,0,58923,7274511,0,0,0,0,12292,21470626,55,33326,1,806,0,0,54,46728,57,156068,177,870905,0,0,935649,1946672822,2,4203,0,0,/root/storage/i80/kbuild/4.19/cf9ff73a588a9a3eec4a0a8e02e00bcd/data/NHK2DGUMIcVfqV,233489,9043701084117,481,16612,239679,404782852,239679,219451200,205445,784516841,459471,2880505877,31486,700180,527279,1217915598,0,0,270113,80667629,0,0,0,0,234829,600577322,32612,4461619,0,0,1,83,32611,1197749,32610,3183527,351552,1245364767,206258,4469467,2864106,7447811323,0,0,0,0,4.19.0-ipanema-g5ac2a058435c,69195.58100800007,i80,0,0,965113,129,0,0,667,0,47617,1106839,93313,69193.76834099996,359262609258,cfs_wwc_flat_v2 scheduling policy,1554716160.3663652,32,54.42
31,kbuild 4.19,61176.30478100001,44169,240415,0,0,10851,33314,33318,162440,44661,10,10647,0,112273,4743,383,155079,57278,343603531,57279,182886086,0,0,60108,478192642,133,211611,714376,766096944,0,0,56448,8975305,0,0,0,0,11009,38994939,56,32392,1,772,0,0,55,58607,54,138343,298,1901202,0,0,957485,1821284607,7,37154,0,0,/root/storage/i80/kbuild/4.19/cf9ff73a588a9a3eec4a0a8e02e00bcd/data/A1k0j7FlqrdB5m,125531,4869894119778,64276,2076410,221848,571801185,221848,197371688,119113,593502336,1153640,10788668065,55379,1852697,644826,1866095055,0,0,429239,651355818,0,0,0,0,207097,860516083,32612,5653580,0,0,1,80,32611,1736548,32610,4158890,1124324,7706995448,178588,4177632,4518012,23255961515,0,0,0,0,4.19.0-ipanema-g5ac2a058435c,61177.35333999997,i80,0,0,528248,135,0,0,84,0,282869,978516,167180,61176.30478599999,408260082347,cfs_wwc_flat_v2 scheduling policy,1554715026.8914366,512,46.39
32,kbuild 4.19,60999.31517800002,47839,240956,0,0,14526,33311,33313,156728,50917,20,10094,0,108567,4521,220,102925,54122,332154693,54123,174255900,0,0,37404,277568707,119,197945,710185,957367031,0,0,53477,8358978,0,0,0,0,11118,41540582,51,32544,1,782,0,0,51,33161,51,131503,302,1974503,0,0,921235,1793792200,11,72946,0,0,/root/storage/i80/kbuild/4.19/cf9ff73a588a9a3eec4a0a8e02e00bcd/data/Kk2sfN5OugkTJl,120831,4475425553717,71406,2279126,229148,610854262,229148,191882239,119965,718126563,1158160,10608732835,65319,2043402,643878,1689109382,0,0,329919,390507248,0,0,0,0,210734,871014439,32612,5622574,0,0,1,104,32611,1783071,32610,4200281,1131817,7634260395,182227,4180536,4469555,22734596457,0,0,0,0,4.19.0-ipanema-g5ac2a058435c,61000.178526,i80,0,0,519746,12,0,0,79,0,288206,972905,164862,60999.31517700001,452864106632,cfs_wwc_flat_v2 scheduling policy,1554715273.5510292,256,46.02
33,kbuild 4.19,60736.42119199992,35293,298099,0,0,1980,33311,33313,224777,40011,12,31903,0,181589,36678,52,26821,65601,351916818,65601,172271903,0,0,138727,908647346,42,69714,713647,1801810803,0,0,65202,8090493,0,0,0,0,10100,23577602,51,30766,1,775,0,0,51,33801,51,133859,178,952909,0,0,1059304,3267563610,0,0,0,0,/root/storage/i80/kbuild/4.19/cf9ff73a588a9a3eec4a0a8e02e00bcd/data/hSQJhFbpFTzXav,248611,7087465226438,1099,35556,262325,775852179,262325,283409370,225162,975662737,664156,6977823702,41948,939066,623476,1596068547,0,0,300797,214288937,0,0,0,0,256378,790086177,32612,4575233,0,0,1,87,32611,1254573,32610,3177094,537544,3554809587,227876,4917747,3500920,15182900592,0,0,0,0,4.19.0-ipanema-g5ac2a058435c,60737.81217400008,i80,0,0,755285,41,0,0,440,0,110290,971091,105035,60736.42118900013,436875781319,cfs_wwc_flat_v2 scheduling policy,1554716362.7151937,64,45.99
34,kbuild 4.19,59736.122058000416,39871,305983,0,0,6557,33313,33314,217279,55391,23,30660,0,180289,43762,67,26493,56887,371953383,56888,177611063,0,0,51614,426373214,374,640582,857141,3639301758,0,0,56487,8436062,0,0,0,0,9665,26745384,52,32579,1,792,0,0,51,34995,53,144398,259,1842278,0,0,1089555,4653267961,16,124980,0,0,/root/storage/i80/kbuild/4.19/cf9ff73a588a9a3eec4a0a8e02e00bcd/data/TkNmEyjJlh6SOY,252924,5010975299782,11397,428141,283445,944411769,283445,313387040,234555,1309123579,1146254,13747083415,61571,1786947,776336,2191048535,0,0,310937,376467795,0,0,0,0,272938,1084824614,32612,5133037,0,0,1,100,32611,1547208,32610,3661544,981748,7464087510,244519,5736096,4704979,27448727330,0,0,0,0,4.19.0-ipanema-g5ac2a058435c,59738.31744300015,i80,0,0,558082,283,0,0,66,0,237848,951470,155191,59736.122061000206,530014329345,cfs_wwc_flat_v2 scheduling policy,1554717124.279533,128,44.89
35,kbuild 4.19,60276.24216099968,37988,310143,0,0,4675,33312,33313,228545,48286,27,32439,0,195064,35114,84,40286,50036,319698447,50036,158830488,0,0,62325,528514034,659,1149299,608587,3563079410,0,0,49547,7689162,0,0,0,0,9468,27578496,51,32281,1,759,0,0,50,33964,52,142037,250,1481087,0,0,831152,4608289409,6,19659,0,0,/root/storage/i80/kbuild/4.19/e6742c4c31f04602349af438e4d2e867/data/9A5v2qq9DGWGvt,260999,5233307288613,17541,870504,292575,1000309509,292575,339098839,238878,2061489267,1197899,15425997904,52300,1433075,533482,2572347857,0,0,312993,388864853,0,0,0,0,283942,667597249,32612,6182084,0,0,1,86,32611,1561011,32610,3731381,977734,5719656341,255526,6128660,4553279,28195268620,0,0,0,0,4.19.0-ipanema-g5ac2a058435c,60278.67327899998,i80,0,0,568504,30,0,0,53,0,236932,960010,154491,60276.24216100015,939506643715,cfs_wwc scheduling policy,1554716995.3666713,128,45.43
36,kbuild 4.19,69634.42895500013,33391,265958,0,0,79,33313,33312,220941,11703,21,33107,0,195753,11595,66,30673,54020,138741037,54021,128767823,0,0,276184,1550391001,31,46819,526658,881776922,0,0,53717,6974962,0,0,0,0,11927,20469007,50,29281,1,599,0,0,50,30157,53,139036,197,876824,0,0,976983,2728288953,8,14812,0,0,/root/storage/i80/kbuild/4.19/e6742c4c31f04602349af438e4d2e867/data/vmADxc7BQxTGHh,238300,9281001242336,86,4387,239539,412747271,239539,242072938,206646,1586844525,669551,5106796477,11751,289668,442954,1940795071,0,0,263521,83068475,0,0,0,0,235495,356951906,32612,5074362,0,0,1,63,32611,1375905,32610,3194531,353205,1132695566,206929,4846700,2967050,10876757845,0,0,0,0,4.19.0-ipanema-g5ac2a058435c,69636.38259699987,i80,0,0,970781,54,0,0,431,0,47414,1112862,94182,69634.42894200003,475688180591,cfs_wwc scheduling policy,1554716091.0605457,32,54.92
37,kbuild 4.19,60906.455507999985,50128,227105,0,0,16815,33311,33313,156369,37425,87,11232,0,114793,3221,281,118898,48774,297788096,48774,159213323,0,0,46142,355033589,157,274181,409674,1047497869,0,0,48104,7854099,0,0,0,0,9972,35537604,50,32298,1,732,0,0,50,32924,51,135271,285,1731170,0,0,612319,1905283562,4,33508,0,0,/root/storage/i80/kbuild/4.19/e6742c4c31f04602349af438e4d2e867/data/N0ExfG74TzXbg5,126918,4691878295889,59003,2014490,222844,561878284,222844,195171868,128486,1032190848,1161316,11160219748,54081,1678593,348496,1419722948,0,0,256072,267511597,0,0,0,0,202116,647715701,32612,6687840,0,0,1,103,32611,1811966,32610,4031352,1114402,5644657804,173567,3903801,4041061,20949196943,0,0,0,0,4.19.0-ipanema-g5ac2a058435c,60907.33946799999,i80,0,0,527731,147,0,0,77,0,282496,974047,163596,60906.45551100001,893407145503,cfs_wwc scheduling policy,1554715152.1613045,512,46.08
38,kbuild 4.19,60929.37656699994,58595,232516,0,0,25281,33314,33314,157139,42063,135,11361,0,114630,3359,229,100702,49488,305468764,49489,156070338,0,0,63534,485264506,201,372397,416635,1417123796,0,0,48918,7888737,0,0,0,0,11441,43085608,53,31334,1,478,0,0,51,32625,54,137512,304,1940435,0,0,640495,2418112225,97,594993,0,0,/root/storage/i80/kbuild/4.19/e6742c4c31f04602349af438e4d2e867/data/AFj2Liaj79EM5a,127178,4740335046150,63728,2209342,236095,609683165,236095,194443974,135826,1315587528,1164246,11262064632,67141,1977690,354069,1710919263,0,0,259579,277958449,0,0,0,0,206931,674752944,32612,6612519,0,0,1,60,32611,1813624,32610,4036176,1115378,5668187491,178384,4024828,4115306,21734271685,0,0,0,0,4.19.0-ipanema-g5ac2a058435c,60930.247779999976,i80,0,0,527067,17,0,0,93,0,283421,973670,163072,60929.37657000008,825907521642,cfs_wwc scheduling policy,1554715583.7994032,256,46.18
39,kbuild 4.19,61831.73309600004,33458,285350,0,0,146,33312,33312,237353,14685,45,33032,0,214790,14496,39,28685,50141,268129927,50142,144127509,0,0,194623,1529253426,167,270213,568179,1572413754,0,0,49890,6813513,0,0,0,0,10117,23580095,50,30476,1,762,0,0,50,30681,52,148049,162,872434,0,0,923615,3545712997,2,13473,0,0,/root/storage/i80/kbuild/4.19/e6742c4c31f04602349af438e4d2e867/data/tKoHm3EI7KDmey,259989,7082623089261,139,6735,263009,843194674,263009,326593165,229899,1912194962,1044956,15897506462,14664,363715,489347,2367941195,0,0,284298,155157040,0,0,0,0,258906,467416681,32612,5483666,0,0,1,103,32611,1457680,32610,3242745,538992,3404592716,230387,5515430,3715440,25390666969,0,0,0,0,4.19.0-ipanema-g5ac2a058435c,61833.064793,i80,0,0,770160,41,0,0,557,0,109585,986660,106317,61831.73309999984,682453012309,cfs_wwc scheduling policy,1554716548.6512725,64,47.05
40,hackbench 1.0-3,9603.72758299997,118092,811814,0,0,109381,8710,8711,150001,653102,52,8710,0,85786,95326,24,10147,10292,134588730,10292,37769497,0,0,31671,251235348,60,107913,1027795,1820293076,0,0,10256,2041597,0,0,0,0,1195,7227767,50,30764,1,778,0,0,50,28924,51,136402,188,1503211,0,0,1091937,2255141911,12,167757,0,0,/root/storage/i80/hackbench/1.0-3/ef67d24b963b251478e3e1e204e2c754/data/TMtGbnRW6Ff274,208864,426555410933,417945,16057965,915990,7427492662,915990,1121598735,247068,2281534843,188251,2701050081,762419,14553218,1014941,3802991723,0,0,814896,430688296,0,0,0,0,798612,7758726322,8011,1226303,0,0,1,84,8010,1065278,8009,79760,181264,1341443300,802094,17234020,7083501,26915742590,0,0,0,0,4.19.0-ipanema-g5ac2a058435c,9604.000984999817,i80,0,0,80156,1,0,0,9,0,72312,152987,509,9603.727560999803,49880691002,cfs_wwc_lookalike scheduling policy,1554717657.0243785,8000,4.538
41,hackbench 1.0-3,6380.696365999989,47711,309548,0,0,43000,4710,4711,61147,243691,6,4710,0,32487,41111,4,1128,5321,65644190,5321,19299065,0,0,15504,127786499,21,61170,395180,882316201,0,0,5304,1132361,0,0,0,0,759,4372212,50,30407,1,789,0,0,50,29917,51,138560,103,743547,0,0,427673,1101600328,4,44282,0,0,/root/storage/i80/hackbench/1.0-3/ef67d24b963b251478e3e1e204e2c754/data/P1E9obexFXAc0z,83977,297624887702,161686,6648462,348473,3028215320,348473,481874281,100381,1088460239,88822,1239805607,286667,5615909,388154,1743759351,0,0,309074,202787359,0,0,0,0,301475,2864093562,4011,647364,0,0,1,83,4010,358155,4009,43574,84859,614773595,303122,6661499,2733217,11283744360,0,0,0,0,4.19.0-ipanema-g5ac2a058435c,6380.898776000366,i80,0,0,67361,15,0,0,6,0,33920,101612,310,6380.69637000002,23783729338,cfs_wwc_lookalike scheduling policy,1554717361.5195355,4000,2.278
42,hackbench 1.0-3,3323.0054579996504,797,10277,0,0,47,750,750,9047,480,3,750,0,8923,397,3,1229,417,1098138,417,924123,0,0,1095,6759184,3,4699,15229,12561866,0,0,412,72536,0,0,0,0,278,1330638,50,30160,1,802,0,0,50,30766,51,128649,52,243032,0,0,18058,23185822,0,0,0,0,/root/storage/i80/hackbench/1.0-3/ef67d24b963b251478e3e1e204e2c754/data/s4K0hnJf8G6xYQ,7530,56639900693,27,1186,7382,13769377,7382,5738913,7213,34629617,1862,7778392,522,13503,14512,44609847,0,0,7361,1028431,0,0,0,0,7295,7541848,51,10260,0,0,1,84,50,2929,49,1652,419,617451,7296,170216,61422,115913706,0,0,0,0,4.19.0-ipanema-g5ac2a058435c,3323.0987990000285,i80,0,0,52714,10,0,0,5,0,334,53160,97,3323.0054620001465,7335866852,cfs_wwc_lookalike scheduling policy,1554717702.277658,40,0.048
43,hackbench 1.0-3,8013.307993999682,83124,554671,0,0,76413,6711,6711,102262,445698,49,6710,0,55421,69448,15,10210,7931,97961453,7931,29643242,0,0,22612,181969992,60,146911,702973,1337899006,0,0,7900,1591755,0,0,0,0,1129,7117275,50,29200,1,792,0,0,50,32309,52,126848,152,1023705,0,0,750864,1657688146,8,135448,0,0,/root/storage/i80/hackbench/1.0-3/ef67d24b963b251478e3e1e204e2c754/data/I60Zu47CGbJYRN,144260,379939432585,281884,10983815,626234,5139986264,626234,784369161,171662,1671028099,134997,1897039488,522032,10021052,692626,2739676106,0,0,555585,311180088,0,0,0,0,543826,5252251837,6011,964163,0,0,1,87,6010,608831,6009,67362,129395,929918248,546239,11920646,4848745,18760015247,0,0,0,0,4.19.0-ipanema-g5ac2a058435c,8013.550745999906,i80,0,0,75463,6,0,0,4,0,51634,127547,440,8013.307994999923,35575653543,cfs_wwc_lookalike scheduling policy,1554717471.4509397,6000,3.426
44,hackbench 1.0-3,4060.346727000084,13931,77293,1,0,12220,1710,1711,26418,49165,11,1710,0,20095,12735,1,682,1674,15719466,1674,5190953,0,0,6341,48796402,10,34110,109678,449750040,0,0,1667,322153,0,0,0,0,395,2117786,49,28722,1,735,0,0,49,27722,51,131494,59,302651,0,0,121649,522422916,0,0,0,0,/root/storage/i80/hackbench/1.0-3/ef67d24b963b251478e3e1e204e2c754/data/ZYlE80n2WPCIUz,33854,178269113401,29967,1275060,86294,666939541,86294,119359685,39256,341997804,25463,360216942,61373,1341455,106930,515089227,0,0,74814,71806359,0,0,0,0,73073,614836986,1011,154699,0,0,1,84,1010,82633,1009,10120,22956,179106356,73404,1646969,682855,2873863920,0,0,0,0,4.19.0-ipanema-g5ac2a058435c,4060.4648530003615,i80,0,0,55335,17,0,0,6,0,9298,64807,151,4060.3467230000533,15583786636,cfs_wwc_lookalike scheduling policy,1554717583.1942546,1000,0.604
45,hackbench 1.0-3,11360.277359999716,160997,1159660,1,0,150286,10710,10711,222823,926127,45,10709,0,135900,138819,14,5207,12718,172155403,12719,46740791,0,0,41502,322425378,76,200658,1483119,2430854826,0,0,12690,2704477,0,0,0,0,1440,11353764,50,29083,1,756,0,0,50,33393,51,128954,225,1810884,0,0,1564669,2988638860,14,195286,0,0,/root/storage/i80/hackbench/1.0-3/ef67d24b963b251478e3e1e204e2c754/data/oDBh7CD05xUCnu,313979,512223506597,579778,21472931,1304298,10426558223,1304298,1566450681,367034,3146145232,238421,3411631051,1076337,20590129,1467322,5280411660,0,0,1164316,581260528,0,0,0,0,1144014,10996913938,10011,1598045,0,0,1,77,10010,966253,10009,105278,228766,1695368291,1148890,24193404,10053505,37173665721,0,0,0,0,4.19.0-ipanema-g5ac2a058435c,11360.612480999902,i80,0,0,88755,20,0,0,18,0,91182,180631,656,11360.277363999747,77475206984,cfs_wwc_lookalike scheduling policy,1554717545.6651556,10000,5.708
46,hackbench 1.0-3,4895.007722000126,29561,168789,0,0,26850,2710,2711,38080,127999,13,2710,0,23709,24983,9,6222,2825,30370498,2825,9339605,0,0,10031,75437740,23,47165,221789,557481925,0,0,2809,553574,0,0,0,0,505,2949648,49,29624,1,341,0,0,49,28546,51,126007,78,473898,0,0,241045,676858208,1,13415,0,0,/root/storage/i80/hackbench/1.0-3/ef67d24b963b251478e3e1e204e2c754/data/ydvNfWj4TMpzFc,53569,238463897886,77038,3002757,192223,1520809968,192223,247680799,65180,659103138,43364,589745656,154825,3118649,217756,1009329132,0,0,166961,121080511,0,0,0,0,163374,1519057157,2011,326901,0,0,1,35,2010,230906,2009,24297,40077,272480061,164139,3551064,1483191,5949541031,0,0,0,0,4.19.0-ipanema-g5ac2a058435c,4895.161510000005,i80,0,0,61471,15,0,0,3,0,16123,77800,188,4895.007732000202,18178759105,cfs_wwc_lookalike scheduling policy,1554717382.3361924,2000,1.184
47,hackbench 1.0-3,12021.802686000243,395360,538746,0,0,384649,10710,10711,291860,236176,5016,700,0,4532,87,14,6720,12910,65255727,12910,28170131,0,0,29275,217186240,74,186673,554939,394889818,0,0,12875,1304629,0,0,0,0,1627,6262519,50,31016,1,845,0,0,50,29378,51,130339,121,558175,0,0,624898,714019397,1,7187,0,0,/root/storage/i80/hackbench/1.0-3/85491cbe1e71e4cb7bf171daa5bb0fde/data/pwGuugibjBImmH,7785,1054168248004,524963,25241489,917634,2278835935,917634,445987360,6967,602602608,134888,1979563862,620750,12835403,539648,1071884111,0,0,543981,100406663,0,0,0,0,522986,2681130156,10011,917937,0,0,1,100,10010,373334,10009,137403,108230,568642518,525953,9819925,5393665,9778378804,0,0,0,0,4.19.0-ipanema-g5ac2a058435c,12022.155908999965,i80,0,0,149632,16,0,0,71,0,43054,193295,522,12021.802693999838,31362253713,cfs_wwc_dumb_new_unblock scheduling policy,1554717557.849514,10000,6.553
48,hackbench 1.0-3,5096.61140100006,63142,81990,0,0,60431,2710,2711,42155,37125,1107,701,0,2855,26,9,4679,2917,12305731,2917,6128244,0,0,7333,50939915,13,19959,83520,90905307,0,0,2901,329942,0,0,0,0,617,2056280,49,29201,1,745,0,0,49,30306,51,134143,63,276306,0,0,100440,163160758,0,0,0,0,/root/storage/i80/hackbench/1.0-3/85491cbe1e71e4cb7bf171daa5bb0fde/data/72OVFPU2DM7hBk,2127,336825271770,76418,3035904,138884,297628239,138884,56313658,2181,116681527,20466,210368801,97536,1827845,79815,177676303,0,0,80497,16946437,0,0,0,0,76455,287160818,2011,184839,0,0,1,83,2010,71331,2009,30387,13975,46081330,76654,1355840,807796,1215363342,0,0,0,0,4.19.0-ipanema-g5ac2a058435c,5096.771874000318,i80,0,0,75412,13,0,0,18,0,5686,81301,172,5096.6114009995945,13410963907,cfs_wwc_dumb_new_unblock scheduling policy,1554717377.3080344,2000,1.443
49,hackbench 1.0-3,10498.22603199957,285156,345442,0,0,276444,8710,8712,172079,164653,3956,701,0,4032,121,11,5175,10478,61460314,10478,24338357,0,0,29234,220538487,101,266000,357450,340732683,0,0,10452,1092834,0,0,0,0,1395,5701871,50,30011,1,447,0,0,50,29689,51,128139,100,490037,0,0,419851,654814044,0,0,0,0,/root/storage/i80/hackbench/1.0-3/85491cbe1e71e4cb7bf171daa5bb0fde/data/TNrmdnVIQCyeNI,6106,897912499644,333156,13779188,616385,1711415695,616385,286303545,5488,488449049,116990,1598448967,440988,8620582,344961,798055798,0,0,348687,78888575,0,0,0,0,331941,1697422944,8011,744588,0,0,1,62,8010,278276,8009,115747,88338,466897868,333640,6013291,3600990,7155434175,0,0,0,0,4.19.0-ipanema-g5ac2a058435c,10498.523206000216,i80,0,0,131674,11,0,0,54,0,35176,167354,439,10498.226040000096,28994529904,cfs_wwc_dumb_new_unblock scheduling policy,1554717678.2009792,8000,5.479
50,hackbench 1.0-3,3338.033075999934,2228,5178,0,0,1478,750,750,3170,1258,60,701,0,2089,2,2,1102,410,1025316,410,841602,0,0,916,5941958,0,0,3174,5817802,0,0,406,70228,0,0,0,0,289,1327927,49,30239,1,730,0,0,49,30357,51,128253,47,213361,0,0,5804,15428875,0,0,0,0,/root/storage/i80/hackbench/1.0-3/85491cbe1e71e4cb7bf171daa5bb0fde/data/b1OUZVQCPt7yyj,450,46259457881,2308,42947,3840,2889893,3840,953142,246,2830874,1398,24547954,2736,44588,2498,4493538,0,0,2406,247028,0,0,0,0,2320,5019230,51,5186,0,0,1,80,50,1366,49,1293,236,194232,2313,43904,24292,41315255,0,0,0,0,4.19.0-ipanema-g5ac2a058435c,3338.1269729998894,i80,0,0,52955,0,0,0,4,0,265,53318,94,3338.033071000129,3974799330,cfs_wwc_dumb_new_unblock scheduling policy,1554717695.453466,40,0.096
51,hackbench 1.0-3,6916.680329999886,148794,242006,0,0,144083,4711,4711,147128,90167,2232,701,0,3109,70,6,2103,5417,21944414,5416,11193415,0,0,9981,66452736,54,160577,247217,177172745,0,0,5398,508542,0,0,0,0,880,3244468,50,31571,1,782,0,0,50,30931,52,148859,82,310620,0,0,274604,281201763,0,0,0,0,/root/storage/i80/hackbench/1.0-3/85491cbe1e71e4cb7bf171daa5bb0fde/data/68GkgfTJbPcI63,3607,564382496290,234033,9792944,381967,784032611,381967,174360197,3801,247452036,40721,485875977,234184,4740892,240638,425257173,0,0,242147,38189922,0,0,0,0,233884,963718174,4011,352704,0,0,1,86,4010,115787,4009,58503,32210,125110813,234402,4074268,2271985,3263132087,0,0,0,0,4.19.0-ipanema-g5ac2a058435c,6916.901238999795,i80,0,0,97094,14,0,0,48,0,12921,110325,248,6916.680327000096,15201995011,cfs_wwc_dumb_new_unblock scheduling policy,1554717347.1470783,4000,2.764
52,hackbench 1.0-3,8730.385908999946,241270,359450,1,0,234559,6711,6711,202578,150161,3464,702,0,3654,50,11,5674,7960,37814823,7960,16870289,0,0,18066,131977370,45,118992,368579,268861229,0,0,7935,785053,0,0,0,0,1148,4225911,50,30579,1,725,0,0,50,33456,52,137160,115,559481,0,0,411972,461420742,0,0,0,0,/root/storage/i80/hackbench/1.0-3/85491cbe1e71e4cb7bf171daa5bb0fde/data/Hoq1ord7Y3iWTN,5314,715937093355,349166,16262802,589196,1395433717,589196,280587084,4801,379823399,79193,1104524589,384674,7633601,358933,667546549,0,0,361138,61594274,0,0,0,0,348639,1596159341,6011,565332,0,0,1,87,6010,228833,6009,85555,61930,287311408,349695,6375662,3494592,5804132233,0,0,0,0,4.19.0-ipanema-g5ac2a058435c,8730.655069999862,i80,0,0,113948,89,0,0,38,0,24727,139137,335,8730.385908999946,22818410485,cfs_wwc_dumb_new_unblock scheduling policy,1554717428.1576176,6000,4.109
53,hackbench 1.0-3,4251.747811999638,26523,34534,0,0,24812,1710,1711,18024,14800,427,701,0,2446,21,10,6364,1660,4110449,1660,3023384,0,0,2244,14344856,12,26664,34146,39518522,0,0,1647,163646,0,0,0,0,457,1658792,49,30136,1,782,0,0,49,42679,51,125632,60,238914,0,0,42046,63290820,0,0,0,0,/root/storage/i80/hackbench/1.0-3/85491cbe1e71e4cb7bf171daa5bb0fde/data/JhZSQPoKvZREtk,1142,217040800468,30257,1416441,56098,80536848,56098,21789254,1155,39435721,6569,52714424,39599,800704,31984,63426177,0,0,32367,5464557,0,0,0,0,30284,92062770,1011,72255,0,0,1,87,1010,22783,1009,18585,4288,7230799,30346,570062,322076,365561467,0,0,0,0,4.19.0-ipanema-g5ac2a058435c,4251.8710329998285,i80,0,0,65836,59,0,0,10,0,1845,67888,138,4251.747808999848,5217639052,cfs_wwc_dumb_new_unblock scheduling policy,1554717595.9306245,1000,0.781
54,hackbench 1.0-3,6434.8634290001355,15810,184295,0,0,11099,4710,4711,41767,137818,2,4694,0,31354,10174,18,9434,5294,63519052,5294,20352475,0,0,9631,64511891,15,20530,247072,402723120,0,0,5265,1227269,0,0,0,0,703,4230270,50,30432,1,786,0,0,50,37505,51,128140,131,900057,0,0,273577,557708585,2,17624,0,0,/root/storage/i80/hackbench/1.0-3/fcaa93c4e890d39bebd8e6fd00538737/data/GMFH9NIXZQoxt4,44653,283725844841,124771,3766027,191432,1527816763,191432,257491267,47342,159672318,94810,1546974531,148897,2857313,240007,555907417,0,0,188808,106292529,0,0,0,0,176336,2155465154,4011,607544,0,0,1,100,4010,464873,4009,44240,90476,803270637,177846,4501351,1684188,7125132064,0,0,0,0,4.19.0-ipanema-g5ac2a058435c,6435.0696229999885,i80,0,0,66381,22,0,0,10,0,36182,102896,301,6434.86342899967,17043265451,cfs_wwc_flat_v2 scheduling policy,1554717340.0868523,4000,2.209
55,hackbench 1.0-3,4821.989515000023,9543,94734,0,0,6832,2710,2711,23594,68430,0,2692,0,17790,4397,8,4598,2872,30285180,2872,10047806,0,0,5663,41481252,7,33561,125174,189499473,0,0,2861,598247,0,0,0,0,499,2774023,49,29684,1,822,0,0,49,30713,51,135995,86,484834,0,0,140193,275419211,1,13023,0,0,/root/storage/i80/hackbench/1.0-3/fcaa93c4e890d39bebd8e6fd00538737/data/gn99Uvcywfp5hY,23178,209921332057,61345,1944536,98137,798258934,98137,125921989,24292,115338005,47734,795937959,75255,1491868,120980,318789996,0,0,95390,54031494,0,0,0,0,89303,1121923989,2011,326424,0,0,1,84,2010,148574,2009,22609,44961,402274481,89942,2378461,851507,3738789403,0,0,0,0,4.19.0-ipanema-g5ac2a058435c,4822.140674999915,i80,0,0,58570,14,0,0,8,0,18058,76850,200,4821.989515000023,18220920563,cfs_wwc_flat_v2 scheduling policy,1554717387.3323493,2000,1.119
56,hackbench 1.0-3,4042.991691000294,8472,54174,0,0,6761,1711,1711,15776,36687,0,1700,0,12687,3897,10,4662,1759,15727919,1759,5777453,0,0,4592,35290366,9,21889,73092,164263697,0,0,1748,284526,0,0,0,0,536,3588976,49,29261,1,1049,0,0,49,29790,52,153939,78,550320,0,0,83844,227185396,110,1461549,0,0,/root/storage/i80/hackbench/1.0-3/fcaa93c4e890d39bebd8e6fd00538737/data/V9KMLLWgP6bfYl,16618,172943804669,26698,934355,57586,469910564,57586,72513860,17925,180064951,25018,403519697,43436,938269,70106,300621016,0,0,53101,38707121,0,0,0,0,49824,605718900,1011,150564,0,0,1,117,1010,91565,1009,11218,22506,199485271,50244,1185638,477061,2273853106,0,0,0,0,4.19.0-ipanema-g5ac2a058435c,4043.1091709998436,i80,0,0,55310,1,0,0,4,0,9135,64594,144,4042.991691000294,11170966495,cfs_wwc_flat_v2 scheduling policy,1554717587.370376,1000,0.578
57,hackbench 1.0-3,8273.875507000368,24698,290897,0,0,17987,6710,6711,76558,207629,5,6667,0,60830,20103,8,4598,7826,103641167,7826,31603726,0,0,15977,100969717,13,13516,406718,861378721,0,0,7807,2098308,0,0,0,0,938,6726500,50,31830,1,829,0,0,50,32249,51,136075,171,1200148,0,0,447445,1107955588,9,118204,0,0,/root/storage/i80/hackbench/1.0-3/fcaa93c4e890d39bebd8e6fd00538737/data/Im8C1yDfYr6wsg,86459,368733649017,181980,5663549,304285,2312500037,304285,421853943,91853,277413184,145528,2372863206,225600,4303302,396660,907963381,0,0,299518,173421041,0,0,0,0,280303,3208437377,6011,894917,0,0,1,86,6010,535347,6009,56066,137783,1224514791,282396,7272040,2668222,10917692267,0,0,0,0,4.19.0-ipanema-g5ac2a058435c,8274.12881999975,i80,0,0,77764,20,0,0,17,0,54977,133220,442,8273.875510999933,31444761790,cfs_wwc_flat_v2 scheduling policy,1554717444.786128,6000,3.335
58,hackbench 1.0-3,3320.8265869999304,816,8185,0,0,66,750,750,7188,247,0,749,0,7093,153,6,3715,427,1164076,427,950095,0,0,1204,7599460,2,2229,11136,11552252,0,0,419,73865,0,0,0,0,278,1341558,49,29397,1,785,0,0,49,29517,51,133645,48,215033,0,0,14097,23095627,0,0,0,0,/root/storage/i80/hackbench/1.0-3/fcaa93c4e890d39bebd8e6fd00538737/data/x78QbXPkBTPYGl,5419,53303236430,41,1292,5299,13177152,5299,4800002,5128,21115081,1859,9618497,303,7029,10413,28352590,0,0,5262,737555,0,0,0,0,5192,19877337,51,10643,0,0,1,104,50,2839,49,1522,534,1508195,5194,114472,44675,99324310,0,0,0,0,4.19.0-ipanema-g5ac2a058435c,3320.919680000283,i80,0,0,52582,58,0,0,10,0,379,53127,98,3320.8265809998848,7660074841,cfs_wwc_flat_v2 scheduling policy,1554717709.3258557,40,0.049
59,hackbench 1.0-3,9991.080856000073,34064,403099,0,0,25342,8721,8722,126767,267611,77,8645,0,106194,31952,21,14653,10395,141531425,10395,43437591,0,0,24484,146494534,23,30136,589810,1362090108,0,0,10350,2462736,0,0,0,0,1190,9640321,61,46987,1,768,0,0,61,83396,62,282717,275,2173111,0,0,647138,1708435235,10,146752,0,0,/root/storage/i80/hackbench/1.0-3/fcaa93c4e890d39bebd8e6fd00538737/data/Gt1HTw0tIiK43e,145961,462802077879,229738,7116572,423148,2994375071,423148,588048383,153990,397133210,197843,3215703881,292922,5573325,576888,1272079123,0,0,416029,236808227,0,0,0,0,389817,4075385163,8011,1268602,0,0,1,84,8010,834881,8009,73936,186031,1696349648,392593,10080976,3706178,14500831082,0,0,0,0,4.19.0-ipanema-g5ac2a058435c,9991.368098000064,i80,0,0,84562,30,0,0,20,0,74227,159364,525,9991.080858999863,29674013015,cfs_wwc_flat_v2 scheduling policy,1554717624.507449,8000,4.489
60,hackbench 1.0-3,11892.943652999587,42247,527447,0,0,31536,10710,10711,186643,330094,51,10621,0,161865,44835,18,7382,12887,173023195,12888,52073301,0,0,33921,189235293,32,44775,796048,2010745854,0,0,12844,2874026,0,0,0,0,1371,9382890,50,31322,1,789,0,0,50,31662,51,133958,251,1943740,0,0,870431,2439777216,19,249029,0,0,/root/storage/i80/hackbench/1.0-3/fcaa93c4e890d39bebd8e6fd00538737/data/OK0Gw07x8j9wiu,216690,571412248909,278011,8649417,553211,3695033207,553211,765269851,227412,550005532,251631,4067993931,361594,6776358,779928,1673466340,0,0,544951,307263889,0,0,0,0,511682,4950991891,10011,1613359,0,0,1,83,10010,969602,10009,108340,234356,2082026728,514923,13254600,4840941,18123423128,0,0,0,0,4.19.0-ipanema-g5ac2a058435c,11893.295971999876,i80,0,0,96922,22,0,0,24,0,93477,191045,600,11892.943652000278,51518939280,cfs_wwc_flat_v2 scheduling policy,1554717534.0528128,10000,5.593
61,hackbench 1.0-3,4836.2567679998465,9710,101300,0,0,6999,2710,2711,33845,64745,290,2710,0,18667,13416,7,4629,2876,30687216,2876,10390653,0,0,5602,46160904,12,21636,134767,259046246,0,0,2863,665770,0,0,0,0,503,2530823,49,29700,1,819,0,0,49,30087,51,135806,101,1000641,0,0,149759,350733092,2,28162,0,0,/root/storage/i80/hackbench/1.0-3/5fcd3f1be4984fbfc80f9458d28b3eee/data/62hAeN0e1nJLne,33876,213086510597,52786,3155411,104829,782006354,104829,166141101,33274,44298564,47571,1185189775,71731,1321991,130832,244888193,0,0,99746,38139836,0,0,0,0,95833,1174922502,2011,296749,0,0,1,84,2010,197451,2009,22280,44656,242951276,96643,2307811,888761,3885839378,0,0,0,0,4.19.0-ipanema-g5ac2a058435c,4836.407705000136,i80,0,0,58923,18,0,0,15,0,17931,77093,206,4836.256767000072,20479819186,ule_wwc_v3 scheduling policy,1554717397.5006673,2000,1.12
62,hackbench 1.0-3,11671.549296000041,45788,538993,0,0,35077,10710,10711,163630,364653,1191,10709,0,100853,109013,22,20304,12712,173481781,12712,53015937,0,0,29346,184320293,27,34183,771302,1270001284,0,0,12678,3317223,0,0,0,0,1387,10661111,50,31239,1,711,0,0,50,31292,51,131577,276,2904876,0,0,840623,1698085213,9,133402,0,0,/root/storage/i80/hackbench/1.0-3/5fcd3f1be4984fbfc80f9458d28b3eee/data/ZtgevxbAvzmuHv,221988,549973238397,284937,14942133,568474,3447841990,568474,758124229,220156,128318501,246101,5385835195,399699,6992835,756466,1101670350,0,0,545428,213244074,0,0,0,0,523400,5602160458,10011,1691494,0,0,1,66,10010,982614,10009,110319,231207,1226430938,525143,13414467,4899516,17901759663,0,0,0,0,4.19.0-ipanema-g5ac2a058435c,11671.89794300031,i80,0,0,93574,33,0,0,35,0,92171,186456,643,11671.549276999664,37526075041,ule_wwc_v3 scheduling policy,1554717510.2161047,10000,5.599
63,hackbench 1.0-3,8122.8389249998145,28485,296235,0,0,21773,6710,6712,86390,203135,749,6708,0,47331,46841,23,10353,7743,102741201,7743,32417233,0,0,14686,106384071,25,43124,402490,663177208,0,0,7708,1799116,0,0,0,0,938,6885370,51,30937,1,735,0,0,51,36819,51,129957,196,2117760,0,0,441720,915958399,14,184515,0,0,/root/storage/i80/hackbench/1.0-3/5fcd3f1be4984fbfc80f9458d28b3eee/data/IAuWsokT16Ba2U,101247,364475006862,171242,9013544,313498,2128245944,313498,437158223,100132,76453855,143955,3330258979,224874,4015280,393186,634059229,0,0,298732,121767780,0,0,0,0,285728,3460481101,6011,995864,0,0,1,83,6010,549930,6009,79137,136387,726558707,286939,7047809,2686202,10936685465,0,0,0,0,4.19.0-ipanema-g5ac2a058435c,8123.088541999925,i80,0,0,74729,9,0,0,21,0,54441,129622,422,8122.838936999906,25872821096,ule_wwc_v3 scheduling policy,1554717436.4698732,6000,3.357
64,hackbench 1.0-3,3401.015106000006,775,10020,0,0,25,749,750,8692,579,17,748,0,8570,529,4,1969,452,1165095,452,981360,0,0,1265,8073405,7,7843,14345,15291438,0,0,446,73898,0,0,0,0,296,1335178,49,29480,1,815,0,0,49,29731,50,132720,63,254575,0,0,17479,27377507,0,0,0,0,/root/storage/i80/hackbench/1.0-3/5fcd3f1be4984fbfc80f9458d28b3eee/data/lGvE1JVqgwnUxM,7100,66557369750,19,800,6881,13420475,6881,6964372,6738,4261908,1965,71781539,584,12086,13570,14409843,0,0,6881,921579,0,0,0,0,6814,10082671,51,8064,0,0,1,84,50,2155,49,1312,464,533235,6811,170567,57759,122570690,0,0,0,0,4.19.0-ipanema-g5ac2a058435c,3401.1105789998546,i80,0,0,53986,0,0,0,4,0,357,54448,101,3401.015106000006,8974270843,ule_wwc_v3 scheduling policy,1554717705.797757,40,0.046
65,hackbench 1.0-3,4320.58217599988,5525,69462,0,0,3814,1710,1711,26735,41017,259,1710,0,17841,12773,5,2426,1620,14760268,1620,5061382,0,0,4655,37805942,10,29751,99639,231747263,0,0,1614,281251,0,0,0,0,399,2274718,49,30649,1,779,0,0,49,29446,51,130089,59,272638,0,0,109771,292426602,0,0,0,0,/root/storage/i80/hackbench/1.0-3/5fcd3f1be4984fbfc80f9458d28b3eee/data/ZHyqAxGgHqjHHo,31643,183379667208,22501,1409688,69989,495020297,69989,115493872,31200,45689653,25759,645765123,44821,901145,96953,180440685,0,0,67033,25412611,0,0,0,0,65173,686283928,1011,137214,0,0,1,103,1010,92345,1009,11299,22888,129738182,65557,1530237,584894,2327926382,0,0,0,0,4.19.0-ipanema-g5ac2a058435c,4320.70823800005,i80,0,0,59450,17,0,0,8,0,9265,68897,157,4320.582172999624,16518944453,ule_wwc_v3 scheduling policy,1554717574.5780034,1000,0.591
66,hackbench 1.0-3,6487.986912999768,18956,182716,0,0,14245,4710,4711,55902,122104,535,4710,0,29690,23744,9,4071,5260,64719561,5260,20493762,1,24100,9691,75087352,19,20927,242509,398713362,0,0,5239,1162982,0,0,0,0,659,3828179,50,30106,1,802,0,0,50,36292,51,134222,182,1646728,0,0,268982,565915924,1,13478,0,0,/root/storage/i80/hackbench/1.0-3/5fcd3f1be4984fbfc80f9458d28b3eee/data/okOJkwRNoXi2CT,57835,293801628101,107303,6020895,192903,1365700099,192903,277358673,56940,53646660,93991,2105461921,136327,2528528,236008,402792415,0,0,182958,73371401,0,0,0,0,174665,2180002053,4011,662467,0,0,1,83,4010,522476,4009,40041,90000,487091541,175901,4480253,1651930,6959679506,0,0,0,0,4.19.0-ipanema-g5ac2a058435c,6488.197478999849,i80,0,0,67407,7,0,0,15,0,36004,103738,305,6487.986909000203,47710937935,ule_wwc_v3 scheduling policy,1554717313.5939984,4000,2.216
67,hackbench 1.0-3,9836.823979000095,36985,401627,0,0,28274,8710,8711,118506,274411,977,8710,0,68226,68001,8,5503,10158,133566082,10158,41924716,0,0,19997,136697461,25,28475,555262,906698990,0,0,10135,2449292,0,0,0,0,1137,6922578,50,30312,1,779,0,0,50,30632,51,134039,249,2569448,0,0,607287,1231123736,6,65429,0,0,/root/storage/i80/hackbench/1.0-3/5fcd3f1be4984fbfc80f9458d28b3eee/data/UzsZRrX2CIwLoL,146079,446753442471,228228,11928963,424912,2749388708,424912,578950544,144529,96012802,193970,4291284432,302655,5442872,543292,859253278,0,0,406104,165212427,0,0,0,0,388643,4480255921,8011,1279652,0,0,1,80,8010,992192,8009,78914,184321,1002295422,390476,10535755,3656073,14252911962,0,0,0,0,4.19.0-ipanema-g5ac2a058435c,9837.101625999901,i80,0,0,83026,8,0,0,28,0,73511,157114,541,9836.823981999885,34540697517,ule_wwc_v3 scheduling policy,1554717688.1932614,8000,4.479
68,hackbench 1.0-3,10369.429758999962,125529,390724,0,0,116817,8710,8712,129121,252893,1655,8653,0,109988,28436,38,19831,10369,136290264,10369,42537974,0,0,25421,158468211,21,26572,579923,1503438327,0,0,10316,2535950,0,0,0,0,1185,7386362,51,31620,1,765,0,0,51,46908,51,133216,557,6549507,0,0,638361,1857548059,8,82552,0,0,/root/storage/i80/hackbench/1.0-3/3221cc7bd1ba803a7086fd87492ee692/data/b1LPIwCX7TBQ5G,147886,481913517059,215772,6538086,502347,3473396356,502347,595400987,151718,333660928,198314,6924808711,369688,7286702,566006,1250645968,0,0,404439,247556080,0,0,0,0,377534,3877593625,8011,1447730,0,0,1,84,8010,733336,8009,96297,184988,1581567430,380485,10166672,3877669,18310898992,0,0,0,0,4.19.0-ipanema-g5ac2a058435c,10369.724132000003,i80,0,0,90629,21,0,0,149,0,73827,165136,510,10369.429754999932,35848626732,cfs_wwc_flat_4msLB scheduling policy,1554717667.2646694,8000,4.476
69,hackbench 1.0-3,4989.479043999687,24499,89586,0,0,21788,2710,2711,24911,61965,394,2692,0,19805,3899,8,7241,2868,31393484,2868,10339656,0,0,5309,40655502,9,14055,121535,230098022,0,0,2855,597643,0,0,0,0,503,2906795,49,29109,1,785,0,0,49,28388,51,125289,150,1580993,0,0,136257,317801110,2,24148,0,0,/root/storage/i80/hackbench/1.0-3/3221cc7bd1ba803a7086fd87492ee692/data/VHrXcLAsD9E04t,24853,215642461032,54862,1727012,107712,858606614,107712,125848020,24608,67714203,47409,1744864922,83741,1690074,117211,272210663,0,0,90350,55826470,0,0,0,0,83925,1023335140,2011,339599,0,0,1,100,2010,195648,2009,22606,44494,378634016,84726,2182214,852781,4533197301,0,0,0,0,4.19.0-ipanema-g5ac2a058435c,4989.635095000267,i80,0,0,61302,43,0,0,42,0,17886,79462,189,4989.479047999717,10820130477,cfs_wwc_flat_4msLB scheduling policy,1554717392.368507,2000,1.124
70,hackbench 1.0-3,8421.227584000211,88059,274372,0,0,81348,6710,6711,78632,189030,1104,6678,0,64136,18207,14,6924,7811,99010179,7811,32184714,0,0,16368,110655119,11,19161,392874,841642986,0,0,7792,1694076,0,0,0,0,932,6043849,50,30924,1,805,0,0,50,31503,51,129117,412,4943543,0,0,434181,1096445084,4,52184,0,0,/root/storage/i80/hackbench/1.0-3/3221cc7bd1ba803a7086fd87492ee692/data/6qn5ERHHnqZC2v,88891,380829671063,163654,5063541,351106,2593790200,351106,412647395,91210,206127455,145099,5153861342,270367,5348664,382325,843480277,0,0,283659,176129542,0,0,0,0,263760,2914929748,6011,1086810,0,0,1,83,6010,553207,6009,63443,137269,1162777995,265664,6850669,2723250,13482710371,0,0,0,0,4.19.0-ipanema-g5ac2a058435c,8421.489021999761,i80,0,0,78952,11,0,0,104,0,54854,134299,378,8421.22757200012,27749272479,cfs_wwc_flat_4msLB scheduling policy,1554717410.9730864,6000,3.343
71,hackbench 1.0-3,4261.545613999944,12423,57239,0,0,10712,1710,1711,16386,39143,244,1704,0,13255,5390,4,2038,1605,13951063,1605,5094455,0,0,4854,38229059,8,9331,77941,183703154,0,0,1596,323172,0,0,0,0,355,1936486,49,29255,1,992,0,0,49,28071,51,128694,87,707859,0,0,88206,244170528,1,26899,0,0,/root/storage/i80/hackbench/1.0-3/3221cc7bd1ba803a7086fd87492ee692/data/BYGqkfD2gMQ4cD,18955,181205180478,24892,832185,64616,528091702,64616,81820926,18864,71405049,24920,897412855,49845,1018803,75139,200480396,0,0,56036,32869025,0,0,0,0,52905,653416436,1011,178164,0,0,1,121,1010,73393,1009,11200,22514,199825155,53331,1321430,510709,2668756840,0,0,0,0,4.19.0-ipanema-g5ac2a058435c,4261.6687899995595,i80,0,0,58655,14,0,0,27,0,9141,67978,141,4261.545613999944,10761168922,cfs_wwc_flat_4msLB scheduling policy,1554717604.41887,1000,0.578
72,hackbench 1.0-3,12176.09008200001,144069,507064,0,0,133358,10710,10711,186447,309907,2010,10639,0,163069,40593,75,48818,12970,176594444,12970,54930068,0,0,33496,195667297,29,64372,775046,2053405610,0,0,12880,3266837,0,0,0,0,1472,10927082,50,30835,1,768,0,0,50,41469,51,129408,630,7913171,0,0,849735,2503236962,15,216783,0,0,/root/storage/i80/hackbench/1.0-3/3221cc7bd1ba803a7086fd87492ee692/data/ETy7VBZyd3CvfE,215369,584608766770,259204,7761544,634511,4267933584,634511,754842272,221479,458727241,251640,8628113870,443226,8517936,757948,1612108670,0,0,525421,319921029,0,0,0,0,491156,4673342989,10011,1681603,0,0,1,101,10010,1116703,10009,110505,233278,1969318051,494239,12762053,4976644,22716258151,0,0,0,0,4.19.0-ipanema-g5ac2a058435c,12176.44636000041,i80,0,0,100014,99,0,0,158,0,93064,193947,612,12176.09007799998,50547156872,cfs_wwc_flat_4msLB scheduling policy,1554717570.0858724,10000,5.606
73,hackbench 1.0-3,3564.0637489999644,852,5960,0,0,102,750,750,5163,47,31,750,0,5082,9,4,2733,439,1229372,439,967810,0,0,1137,7124741,4,5499,6853,8868884,0,0,432,76354,0,0,0,0,288,1333820,49,29543,1,625,0,0,49,30776,51,128835,48,215478,0,0,9794,20014470,0,0,0,0,/root/storage/i80/hackbench/1.0-3/3221cc7bd1ba803a7086fd87492ee692/data/HYWtH6mIaPf6qk,3336,59578468956,19,1140,3135,8299796,3135,2692993,2976,11905385,1846,85474502,142,3403,6105,16088414,0,0,3058,511835,0,0,0,0,2992,9347872,51,11240,0,0,1,89,50,2849,49,1184,536,1459264,3002,66373,27097,135866339,0,0,0,0,4.19.0-ipanema-g5ac2a058435c,3564.1641620001756,i80,0,0,56428,2,0,0,4,0,379,56925,112,3564.0637499997392,5125477731,cfs_wwc_flat_4msLB scheduling policy,1554717691.7853627,40,0.044
74,hackbench 1.0-3,6634.481671000365,48055,174267,0,0,43344,4710,4711,44390,125167,837,4672,0,34218,8825,20,10992,5341,65320907,5341,22232652,0,0,10025,71750908,12,17758,239529,462654146,0,0,5311,1218051,0,0,0,0,723,4638414,50,31873,1,781,0,0,50,33639,51,133275,274,3338935,0,0,266732,631439418,4,57087,0,0,/root/storage/i80/hackbench/1.0-3/3221cc7bd1ba803a7086fd87492ee692/data/qsZFaRH0m2DCKq,46923,294878832429,112224,3538049,213478,1723552376,213478,247046045,47247,114307308,95097,3451784685,168497,3336382,232122,514529800,0,0,179248,111985448,0,0,0,0,166135,1986095729,4011,746428,0,0,1,80,4010,356265,4009,45872,90138,768479501,167406,4321881,1697101,8930125849,0,0,0,0,4.19.0-ipanema-g5ac2a058435c,6634.696254000068,i80,0,0,69329,3,0,0,62,0,36060,105755,301,6634.481659999583,24343041955,cfs_wwc_flat_4msLB scheduling policy,1554717320.2742147,4000,2.226
75,hackbench 1.0-3,4097.073004999664,10439,659149,0,0,8756,1683,1683,301242,356224,69,962,0,5026,8898,645752,268751384,666246,9503666241,666246,9660744783,0,0,3429,44657166,364970,1257037644,1111317,879893550,0,0,13388,819837,0,0,0,0,655270,5916079153,1033,379133,0,0,0,0,1033,954000,1033,1019933,32775,435597748,0,0,4162493,27969607220,1,6648,0,0,/root/storage/i80/hackbench/1.0-3/4608d1bdef2badbef720d9a0db84a338/data/qB6jrsH3dmZVay,12445,141577277027,0,0,0,0,0,0,0,0,34440,352157928,0,0,90,90232,0,0,0,0,0,0,0,0,0,0,0,0,0,0,0,0,0,0,0,0,0,0,0,0,34530,352248160,0,0,0,0,4.19.0-ipanema-g5ac2a058435c,4097.191542999819,i80,0,0,52151,27,0,0,4,0,13154,65538,202,4097.072987999767,62655555129,Linux,1554717600.162747,1000,0.832
76,hackbench 1.0-3,5214.268253999762,17390,1457033,0,0,14706,2683,2684,1046838,407512,139,1521,0,7000,12688,1438867,405457562,1471010,20777243612,1471010,21364989756,0,0,6484,102966614,422212,1444886705,2149892,1487732390,0,0,21567,1765394,0,0,0,0,1451912,13018823334,2033,742073,0,0,0,0,2033,2259141,2033,1993951,67722,894734888,0,0,8506776,59503613441,1,18021,0,0,/root/storage/i80/hackbench/1.0-3/4608d1bdef2badbef720d9a0db84a338/data/kFzKLBZKx22Xtb,19377,183953179452,0,0,0,0,0,0,0,0,69847,695713541,0,0,0,0,0,0,0,0,0,0,0,0,0,0,0,0,0,0,0,0,0,0,0,0,0,0,0,0,69847,695713541,0,0,0,0,4.19.0-ipanema-g5ac2a058435c,5214.433227000292,i80,0,0,56076,15,0,0,11,0,27014,83431,315,5214.268255000003,91930248978,Linux,1554717366.907706,2000,1.71
77,hackbench 1.0-3,7623.402788999956,84259,3126450,1,0,79576,4683,4683,2490390,631377,306,2485,0,17842,15041,3157844,713132268,3207271,44344452312,3207271,45747687728,0,0,14805,568500246,710945,2332033198,4437969,3261291260,0,0,38296,3795913,0,0,0,0,3118901,27791922230,4033,1692548,0,0,0,0,4033,5568627,4033,4000845,143975,1903876856,0,0,18049417,126678545401,41,591370,0,0,/root/storage/i80/hackbench/1.0-3/4608d1bdef2badbef720d9a0db84a338/data/PhtzQrTCxAuWPU,34229,257118371710,0,0,0,0,0,0,1,38853,147293,1519959632,0,0,126,175328,0,0,0,0,0,0,0,0,0,0,0,0,0,0,0,0,0,0,0,0,0,0,0,0,147420,1520173813,0,0,0,0,4.19.0-ipanema-g5ac2a058435c,7623.64544400014,i80,0,0,63975,15,0,0,10,0,57263,121838,575,7623.402792000212,193793951227,Linux,1554717354.9513268,4000,3.537
78,hackbench 1.0-3,12579.026838999707,246386,6453363,0,0,237702,8683,8684,5307536,1137144,672,3259,0,57208,36236,6567633,1267367442,6696131,87699308326,6696131,90522704381,1,7461,35052,1489324335,1374836,4067537585,9365100,8020967252,0,0,105141,10185310,0,0,0,0,6441059,59001336402,8034,3390225,0,0,0,0,8034,11283707,8033,7463210,295745,3852161672,0,0,37600933,255953073951,3,36643,0,0,/root/storage/i80/hackbench/1.0-3/4608d1bdef2badbef720d9a0db84a338/data/JtgkGeMv7Uwy6C,96791,440971708950,0,0,0,0,0,0,0,0,304231,3172943843,0,0,1,2229,0,0,0,0,0,0,0,0,0,0,0,0,0,0,0,0,0,0,0,0,0,0,0,0,304232,3172946072,0,0,0,0,4.19.0-ipanema-g5ac2a058435c,12579.38724900037,i80,0,0,82325,2,0,0,27,0,117453,200892,1085,12579.026839999948,392015159685,Linux,1554717637.243814,8000,7.093
79,hackbench 1.0-3,3092.1583380000666,727,5908,0,0,3,723,724,5156,29,1,721,0,5100,28,23,13652,3477,7782264,3478,3147423,0,0,782,4865082,29,17670,6799,9550557,0,0,3451,240864,0,0,0,0,3342,3376606,74,28000,0,0,0,0,74,33541,73,148184,373,1026764,0,0,21975,30230607,0,0,0,0,/root/storage/i80/hackbench/1.0-3/4608d1bdef2badbef720d9a0db84a338/data/zIxD7tAkrjD9up,3380,35553429540,0,0,0,0,0,0,0,0,1234,5562996,0,0,0,0,0,0,0,0,0,0,0,0,0,0,0,0,0,0,0,0,0,0,0,0,0,0,0,0,1234,5562996,0,0,0,0,4.19.0-ipanema-g5ac2a058435c,3092.2448959997855,i80,0,0,49055,1,0,0,5,0,302,49454,91,3092.1583360000513,819762329,Linux,1554717715.9740422,40,0.023
80,hackbench 1.0-3,9993.958846999798,186582,4563906,1,0,179899,6684,6683,3715274,841948,534,3362,0,35106,26993,4665714,987207308,4747037,65144144472,4747037,67380149129,0,0,23156,1232795275,1021845,3190432886,6504122,5210898866,0,0,70981,6344487,0,0,0,0,4554000,40655461451,6033,2321173,0,0,0,0,6033,7267947,6034,5794466,215922,2814693369,0,0,26567914,186637510829,0,0,0,0,/root/storage/i80/hackbench/1.0-3/4608d1bdef2badbef720d9a0db84a338/data/mAk4OGNmeW2fBB,64633,349135568238,0,0,0,0,0,0,0,0,221680,2519091825,0,0,0,0,0,0,0,0,0,0,0,0,0,0,0,0,0,0,0,0,0,0,0,0,0,0,0,0,221680,2519091825,0,0,0,0,4.19.0-ipanema-g5ac2a058435c,9994.263667999767,i80,0,0,72972,15,0,0,18,0,85759,159618,854,9993.958850000054,289112325256,Linux,1554717455.1264439,6000,5.264
81,hackbench 1.0-3,15279.56360600004,258321,8248506,1,0,247638,10683,10683,6601629,1636194,1118,5337,0,105517,87258,8222379,1489331628,8503059,113350997497,8503059,116100687498,0,0,49186,1432632931,1883825,5736469534,12006993,11513717061,0,0,215369,18750360,0,0,0,0,8233667,73224784924,10033,4165279,0,0,0,0,10033,13236242,10033,9392039,374140,4799528808,0,0,48021786,327693788903,10,95102,0,0,/root/storage/i80/hackbench/1.0-3/4608d1bdef2badbef720d9a0db84a338/data/ChgWalgJEuB2NU,205015,555614157935,0,0,0,0,0,0,1,779,386422,3980702469,0,0,149,161083,0,0,0,0,0,0,0,0,0,0,0,0,0,0,0,0,0,0,0,0,0,0,0,0,386572,3980864331,0,0,0,0,4.19.0-ipanema-g5ac2a058435c,15280.024414000101,i80,0,0,93740,13,0,0,39,0,148504,243686,1390,15279.56360600004,491164690996,Linux,1554717486.8754053,10000,8.91
82,hackbench 1.0-3,9593.129335999954,123162,861469,2,0,114444,8710,8718,161235,691524,31,8709,0,93349,104552,11,8665,10291,134096569,10291,37522030,0,0,33007,261360949,85,237605,1095252,1971619637,0,0,10254,2058505,0,0,0,0,1226,10052347,57,31182,1,819,0,0,57,47861,51,129649,215,1631692,0,0,1160807,2418934154,9,136644,0,0,/root/storage/i80/hackbench/1.0-3/75ddf366ef20e76252bc0b9f6711f683/data/FVKhjaxIu7Drft,226670,425113771761,436304,16329533,970901,7940727244,970901,1187728248,265062,2380434077,188870,2774331204,805883,15424852,1082077,3979869635,0,0,864445,441425860,0,0,0,0,848461,8220029388,8011,1292625,0,0,1,80,8010,725778,8009,79516,181084,1350381778,851904,18850903,7489923,28327630721,0,0,0,0,4.19.0-ipanema-g5ac2a058435c,9593.406037000008,i80,0,0,79850,1,0,0,8,0,72223,152620,538,9593.129348000046,53223687516,cfs_wwc scheduling policy,1554717614.3791575,8000,4.555
83,hackbench 1.0-3,11311.709940999746,149329,1054566,4,0,138618,10711,10711,212698,831157,23,10710,0,129886,124744,25,11951,12724,170118266,12724,48089153,0,0,39914,308204675,77,168185,1353701,2226663157,0,0,12678,2713713,0,0,0,0,1434,10489289,51,29120,1,775,0,0,50,28172,52,134509,243,1963852,0,0,1433685,2768760163,11,145346,0,0,/root/storage/i80/hackbench/1.0-3/75ddf366ef20e76252bc0b9f6711f683/data/o8UvQhOXRwYQOP,289586,510020647897,532219,20361098,1187547,9468341384,1187547,1460251759,334807,2772688575,237127,3374375579,969697,18444415,1337883,4700317186,0,0,1059345,525848222,0,0,0,0,1038937,9817091454,10011,1606038,0,0,1,103,10010,1155755,10009,104626,227697,1684014095,1043750,22334286,9186587,33866934575,0,0,0,0,4.19.0-ipanema-g5ac2a058435c,11312.04934399994,i80,0,0,88545,16,0,0,14,0,90782,179989,632,11311.709937999956,63968181255,cfs_wwc scheduling policy,1554717498.3677504,10000,5.68
84,hackbench 1.0-3,4902.331016999669,23756,132153,0,0,21045,2710,2711,31283,98160,11,2710,0,19043,17113,7,3952,2833,29049223,2833,9259259,0,0,8310,58275577,8,22831,171017,443082365,0,0,2823,524589,0,0,0,0,505,2794271,49,28860,1,772,0,0,49,29147,51,132749,85,529599,0,0,188573,543748645,2,15451,0,0,/root/storage/i80/hackbench/1.0-3/75ddf366ef20e76252bc0b9f6711f683/data/xIhDQ83uiorNex,39257,244093818986,68746,2605096,149780,1140848285,149780,182729731,47281,468553352,41243,530867176,119194,2466169,166864,732569744,0,0,130444,93761343,0,0,0,0,126734,1143537311,2011,290651,0,0,1,87,2010,161159,2009,21691,38074,251349189,127454,2943199,1171625,4552704183,0,0,0,0,4.19.0-ipanema-g5ac2a058435c,4902.483680000063,i80,0,0,62705,14,0,0,5,0,15330,78242,188,4902.331013999879,18646463008,cfs_wwc scheduling policy,1554717402.5368242,2000,1.189
85,hackbench 1.0-3,3223.1018350003287,802,9105,0,0,51,749,751,7627,729,3,749,0,7523,647,3,2309,408,1086996,408,925595,0,0,1172,7660588,2,2299,12931,11310397,0,0,402,71950,0,0,0,0,280,1310612,50,30087,1,738,0,0,50,30590,50,116334,45,200062,0,0,15802,22748557,0,0,0,0,/root/storage/i80/hackbench/1.0-3/75ddf366ef20e76252bc0b9f6711f683/data/ctXu2kaq12I7g5,6385,59337091453,32,1237,6257,12330590,6257,4689094,6084,30286033,1717,6565603,758,18153,12230,39055569,0,0,6223,868443,0,0,0,0,6164,6330790,51,10751,0,0,1,84,50,2943,49,1653,427,601416,6165,154255,52465,100916614,0,0,0,0,4.19.0-ipanema-g5ac2a058435c,3223.192100999877,i80,0,0,51037,10,0,0,12,0,325,51474,90,3223.1018199999817,2236890673,cfs_wwc scheduling policy,1554717712.833954,40,0.044
86,hackbench 1.0-3,3995.82238999987,14495,72864,1,0,12784,1710,1711,21233,49921,10,1710,0,15210,12204,6,3376,1678,15751354,1678,5002912,0,0,6359,49962372,18,26318,99980,406403053,0,0,1669,315305,0,0,0,0,388,2235287,49,29060,1,523,0,0,49,29385,51,134180,56,302774,0,0,111983,480212764,1,16865,0,0,/root/storage/i80/hackbench/1.0-3/75ddf366ef20e76252bc0b9f6711f683/data/Chp5fbSvsgyegk,28567,177383156346,29266,1295889,82407,675423388,82407,121571808,34062,342132405,24872,357251424,62686,1329666,97298,512377870,0,0,70422,70031640,0,0,0,0,68624,614070905,1011,154676,0,0,1,65,1010,78768,1009,10871,22606,173325718,68988,1544525,646669,2870599618,0,0,0,0,4.19.0-ipanema-g5ac2a058435c,3995.9388240003027,i80,0,0,54467,49,0,0,8,0,9156,63828,148,3995.8223969996907,14715675325,cfs_wwc scheduling policy,1554717579.0141327,1000,0.586
87,hackbench 1.0-3,6378.990856999997,58531,392168,2,0,53820,4710,4711,69168,318290,28,4710,0,37035,53412,4,3907,5312,63684518,5312,18376499,0,0,16807,136738535,23,49646,499293,1096963991,0,0,5299,1042390,0,0,0,0,781,4690295,50,27668,1,805,0,0,50,29004,51,133955,163,1231462,0,0,533149,1323015500,3,42825,0,0,/root/storage/i80/hackbench/1.0-3/75ddf366ef20e76252bc0b9f6711f683/data/SysvtbhE1oJdzR,105104,279859576534,186402,7188799,442117,3737467250,442117,583237562,124935,1226867020,93826,1372703596,372087,7208418,492129,2022185301,0,0,391965,224161351,0,0,0,0,384299,3808051735,4011,669500,0,0,1,87,4010,389042,4009,43875,89507,670657377,385867,8251363,3417282,13669082276,0,0,0,0,4.19.0-ipanema-g5ac2a058435c,6379.196533000097,i80,0,0,65461,1,0,0,6,0,35776,101578,334,6378.990859000012,33863707342,cfs_wwc scheduling policy,1554717326.9624307,4000,2.291
88,hackbench 1.0-3,7979.672866999637,84690,577493,0,0,77979,6710,6711,100760,470023,9,6709,0,55030,72577,6,1658,7722,96259130,7722,27175230,0,0,23475,196826957,40,57044,730157,1416376072,0,0,7700,1555210,0,0,0,0,951,5597598,50,30187,1,778,0,0,50,31082,51,135315,142,1066570,0,0,778077,1745217318,10,104487,0,0,/root/storage/i80/hackbench/1.0-3/75ddf366ef20e76252bc0b9f6711f683/data/8Jmtb70l3iQQ1c,148341,373821847246,287455,10921308,651036,5580100617,651036,846320504,176399,1803304931,135301,1902341913,547960,10526815,720261,2935957709,0,0,578886,327612668,0,0,0,0,567063,5527872974,6011,967419,0,0,1,84,6010,434816,6009,69809,129543,936155653,569662,12679472,5032633,19895266692,0,0,0,0,4.19.0-ipanema-g5ac2a058435c,7979.915368000045,i80,0,0,74729,14,0,0,7,0,51710,126862,402,7979.672879999969,40300195957,cfs_wwc scheduling policy,1554717463.2786918,6000,3.43
89,hackbench 1.0-3,4726.2900020000525,8490,96732,7,0,5779,2710,2711,25053,68969,32,2710,0,17995,11344,6,3049,2897,31448849,2897,10247695,0,0,6208,47162087,11,20287,127085,224446927,0,0,2885,531915,0,0,0,0,526,3123848,49,29194,1,775,0,0,49,28963,51,129829,88,641732,0,0,142754,317820222,1,5072,0,0,/root/storage/i80/hackbench/1.0-3/c33a805f7bb9bee3b61feaa6697f7244/data/5UXQP4vSeSxLv2,30570,192428254215,54018,1846972,99027,728323282,99027,112800567,31492,295328248,47902,841053369,74734,1387334,123004,486652640,0,0,95218,41064819,0,0,0,0,91246,1179517662,2011,314518,0,0,1,81,2010,172076,2009,43103,44809,242470491,92044,2347470,858552,3933322632,0,0,0,0,4.19.0-ipanema-g5ac2a058435c,4726.439178000204,i80,0,0,61457,17,0,0,23,0,17981,79682,204,4726.290004000068,14362975289,ule scheduling policy,1554717371.7598593,2000,1.119
90,hackbench 1.0-3,7966.4161919998005,22333,279301,61,0,15621,6710,6712,58305,214286,167,6709,0,42011,42363,6,4174,7816,100770818,7816,32237270,0,0,13884,94679891,15,15264,373889,492517366,0,0,7798,1644171,0,0,0,0,913,5565730,51,30294,1,802,0,0,51,42545,51,132403,191,1578761,0,0,412487,729278521,5,59032,0,0,/root/storage/i80/hackbench/1.0-3/c33a805f7bb9bee3b61feaa6697f7244/data/ghLzrt297aNvD4,89652,344848114345,171822,5634799,290405,1993537788,290405,271793262,90425,454892824,142798,2446905876,229891,4219607,364499,972123401,0,0,281753,105871715,0,0,0,0,268788,3525285547,6011,875659,0,0,1,84,6010,779701,6009,151773,135860,714428322,270259,6748625,2554936,10503248983,0,0,0,0,4.19.0-ipanema-g5ac2a058435c,7966.662681000307,i80,0,0,72529,6,0,0,72,0,54193,127212,412,7966.416193000041,30286357792,ule scheduling policy,1554717419.289344,6000,3.322
91,hackbench 1.0-3,9823.355975000188,27863,409908,108,0,19151,8710,8712,93618,307580,185,8708,0,71843,79513,38,15165,10349,136358479,10349,42834889,0,0,22342,141367609,19,26588,576362,766451609,0,0,10290,2184718,0,0,0,0,1127,7132051,51,31616,1,755,0,0,51,32037,51,137309,212,1804423,0,0,631248,1098459672,6,82424,0,0,/root/storage/i80/hackbench/1.0-3/c33a805f7bb9bee3b61feaa6697f7244/data/5pvw2EvDOuDLmn,158920,444806310981,228979,7261203,423990,2709716707,423990,396030591,159589,803178171,195016,3210622096,326710,5972230,564139,1560555448,0,0,414269,146526791,0,0,0,0,396841,4728800756,8011,1254210,0,0,1,84,8010,761937,8009,170424,183921,980029388,399033,10104470,3740508,14560984506,0,0,0,0,4.19.0-ipanema-g5ac2a058435c,9823.636469999794,i80,0,0,82742,7,0,0,91,0,73279,156661,542,9823.355971000157,29797387732,ule scheduling policy,1554717647.2360997,8000,4.472
92,hackbench 1.0-3,3192.01688000001,754,6805,0,0,4,749,750,5822,234,1,749,0,5752,224,4,2499,394,1012214,394,856827,0,0,1082,6910819,0,0,8547,6562741,0,0,387,68134,0,0,0,0,279,1306060,49,29136,1,755,0,0,49,29483,50,128077,45,226391,0,0,11281,17133136,0,0,0,0,/root/storage/i80/hackbench/1.0-3/c33a805f7bb9bee3b61feaa6697f7244/data/uHnIDCgWkPUFxY,4319,94209765243,23,820,3912,5421382,3912,1866810,4005,10363291,1743,10655850,237,6305,7873,16894056,0,0,3925,451893,0,0,0,0,3867,4446801,51,8707,0,0,1,83,50,2499,49,1514,375,335337,3873,94932,33896,50550280,0,0,0,0,4.19.0-ipanema-g5ac2a058435c,3192.106640000362,i80,0,0,50523,110,0,0,7,0,316,51048,92,3192.0168789997697,6242300425,ule scheduling policy,1554717698.8335612,40,0.027
93,hackbench 1.0-3,6381.306160000153,15482,186971,25,0,10771,4710,4711,40514,141747,83,4710,0,28062,24124,16,8615,5381,67570037,5381,21895024,0,0,9723,69731904,9,14285,244578,367330678,0,0,5354,1155883,0,0,0,0,723,4356261,50,31996,1,926,0,0,50,31138,51,137176,127,895285,0,0,271448,533212835,4,53627,0,0,/root/storage/i80/hackbench/1.0-3/c33a805f7bb9bee3b61feaa6697f7244/data/Ve1pCmRMqXicNh,55432,272691784955,113974,3638029,193607,1397788730,193607,195689586,56998,408846029,94882,1628341517,152505,2807776,237814,765552467,0,0,187236,77599550,0,0,0,0,178836,2394665026,4011,637065,0,0,1,103,4010,367589,4009,85766,90196,482219121,180046,4463176,1691732,7362701530,0,0,0,0,4.19.0-ipanema-g5ac2a058435c,6381.511290000286,i80,0,0,65179,222,0,0,47,0,36033,101780,299,6381.306170000229,16769576642,ule scheduling policy,1554717333.4706402,4000,2.222
94,hackbench 1.0-3,11627.036379000172,33160,555855,206,0,22449,10710,10711,135854,409291,294,10710,0,107945,118105,34,17082,12999,177278248,12999,54448796,0,0,29725,181596941,22,31563,802095,1044579395,0,0,12942,2719667,0,0,0,0,1463,10651831,50,31725,1,734,0,0,50,31834,51,136122,240,2046077,0,0,872678,1473651947,7,81932,0,0,/root/storage/i80/hackbench/1.0-3/c33a805f7bb9bee3b61feaa6697f7244/data/K3MX77n1laNfW7,235909,540377083175,290959,9199918,572425,3450470463,572425,502843608,237255,1116814111,246862,3903959506,431718,7834842,786804,2118029127,0,0,562105,190496670,0,0,0,0,539978,6029727956,10011,1456181,0,0,1,94,10010,1036887,10009,252710,231793,1231928003,541799,13237263,5044154,18577287339,0,0,0,0,4.19.0-ipanema-g5ac2a058435c,11627.382247000001,i80,0,0,92367,25,0,0,111,0,92324,185473,646,11627.036389000248,35795926734,ule scheduling policy,1554717522.020456,10000,5.606
95,hackbench 1.0-3,3969.6357319997624,4787,62732,2,0,3076,1710,1711,19885,41137,23,1709,0,14509,10569,5,2982,1653,14831679,1653,5261064,0,0,4272,36065583,11,10369,86196,217203120,0,0,1644,295497,0,0,0,0,406,2268794,49,29516,1,798,0,0,49,27368,51,133954,66,350705,0,0,96057,276502646,1,21217,0,0,/root/storage/i80/hackbench/1.0-3/c33a805f7bb9bee3b61feaa6697f7244/data/pDFRdj9Xnm9oW7,25182,159971910604,24073,872805,62293,455470890,62293,87681231,26519,316446240,25288,463238682,44192,873631,83490,446649957,0,0,60007,31473790,0,0,0,0,58221,634723552,1011,144686,0,0,1,84,1010,76966,1009,24444,22635,126427235,58601,1385907,530643,2565490100,0,0,0,0,4.19.0-ipanema-g5ac2a058435c,3969.7509140004404,i80,0,0,53869,12,0,0,36,0,9163,63240,160,3969.635729999747,15494363804,ule scheduling policy,1554717591.4944959,1000,0.583
