,Unnamed: 0,avg_latency,client,client_sched,clients,duration,engine,engine_sched,events,fair_check_preempt_curr_hits,fair_check_preempt_curr_ns,fair_dequeue_task_hits,fair_dequeue_task_ns,fair_enqueue_task_hits,fair_enqueue_task_ns,fair_lb_idle_hits,fair_lb_idle_ns,fair_lb_periodic_hits,fair_lb_periodic_ns,fair_migrate_task_rq_hits,fair_migrate_task_rq_ns,fair_pick_next_task_hits,fair_pick_next_task_ns,fair_prio_changed_hits,fair_prio_changed_ns,fair_put_prev_task_hits,fair_put_prev_task_ns,fair_rq_offline_hits,fair_rq_offline_ns,fair_rq_online_hits,fair_rq_online_ns,fair_select_task_rq_hits,fair_select_task_rq_ns,fair_set_curr_task_hits,fair_set_curr_task_ns,fair_switched_from_hits,fair_switched_from_ns,fair_switched_to_hits,fair_switched_to_ns,fair_task_dead_hits,fair_task_dead_ns,fair_task_fork_hits,fair_task_fork_ns,fair_task_tick_hits,fair_task_tick_ns,fair_task_woken_hits,fair_task_woken_ns,fair_total_hits,fair_total_ns,fair_yield_task_hits,fair_yield_task_ns,fair_yield_to_task_hits,fair_yield_to_task_ns,file,idle_total_hits,idle_total_ns,ipanema_check_preempt_curr_hits,ipanema_check_preempt_curr_ns,ipanema_dequeue_task_hits,ipanema_dequeue_task_ns,ipanema_enqueue_task_hits,ipanema_enqueue_task_ns,ipanema_lb_idle_hits,ipanema_lb_idle_ns,ipanema_lb_periodic_hits,ipanema_lb_periodic_ns,ipanema_migrate_task_rq_hits,ipanema_migrate_task_rq_ns,ipanema_pick_next_task_hits,ipanema_pick_next_task_ns,ipanema_prio_changed_hits,ipanema_prio_changed_ns,ipanema_put_prev_task_hits,ipanema_put_prev_task_ns,ipanema_rq_offline_hits,ipanema_rq_offline_ns,ipanema_rq_online_hits,ipanema_rq_online_ns,ipanema_select_task_rq_hits,ipanema_select_task_rq_ns,ipanema_set_curr_task_hits,ipanema_set_curr_task_ns,ipanema_switched_from_hits,ipanema_switched_from_ns,ipanema_switched_to_hits,ipanema_switched_to_ns,ipanema_task_dead_hits,ipanema_task_dead_ns,ipanema_task_fork_hits,ipanema_task_fork_ns,ipanema_task_tick_hits,ipanema_task_tick_ns,ipanema_task_woken_hits,ipanema_task_woken_ns,ipanema_total_hits,ipanema_total_ns,ipanema_yield_task_hits,ipanema_yield_task_ns,ipanema_yield_to_task_hits,ipanema_yield_to_task_ns,kernel,machine,max_latency,min_latency,nr_load_updates,nr_migrations,nr_sleep,nr_switches,nr_uninterruptible,nr_wakeup,p95th_latency,sched_total_ns,st_mtime,sum_latency,throughput
1385,1385,16.39,sysbench 1.1.0,cfs_wwc scheduling policy,128,300.0436,mongo v4.1.8,cfs_wwc scheduling policy,2342906,1770.0,758548.0,1012730.0,2978827639.0,1012730.0,2540561829.0,0.0,0.0,11565392.0,75174522052.0,186059.0,185374592.0,187486203.0,112657375887.0,0.0,0.0,1010669.0,154071538.0,0.0,0.0,0.0,0.0,397098.0,1272395136.0,19.0,13878.0,0.0,0.0,0.0,0.0,18.0,14807.0,16.0,47389.0,1757.0,12330146.0,0.0,0.0,202674710.0,194976883191.0,249.0,589750.0,0.0,0.0,/home/dc/storage/i80/mongo/r4.1.8/8a1f67c5bf0c5019b9f15ddf7292028a/data/FmduDmTDXS1JPh,87567598.0,28993333718357.0,1479606.0,39103539.0,105663041.0,293944195879.0,105663041.0,150136100718.0,94417856.0,359146513234.0,12179918.0,209827179302.0,59629868.0,1537647262.0,186112487.0,555148258040.0,0.0,0.0,97968906.0,25680046839.0,0.0,0.0,0.0,0.0,97356343.0,290476973270.0,509.0,66688.0,0.0,0.0,0.0,0.0,509.0,26790.0,538.0,20212.0,9538859.0,65100553836.0,97470843.0,2470018735.0,868258820.0,1954410457284.0,776496.0,903752940.0,0.0,0.0,4.19.0-ipanema-g8cd6f0a04f0c,i80,181.25,5.66,15475850.0,59697228.0,98389241.0,186572881.0,0.0,98388037.0,19.65,234.0,1553727016.5037177,38393754.41,7808.5523
1388,1388,31.97,sysbench 1.1.0,cfs_wwc scheduling policy,256,300.1063,mongo v4.1.8,cfs_wwc scheduling policy,2401728,3064.0,1505018.0,741986.0,2162336890.0,741986.0,1599155114.0,0.0,0.0,11406670.0,64031973966.0,868.0,1523574.0,187139555.0,72647243622.0,0.0,0.0,738773.0,112126548.0,0.0,0.0,0.0,0.0,12213.0,83819614.0,23.0,14353.0,0.0,0.0,0.0,0.0,15.0,11479.0,13.0,53633.0,395.0,3972423.0,0.0,0.0,200786058.0,140645573280.0,497.0,1837046.0,0.0,0.0,/home/dc/storage/i80/mongo/r4.1.8/8a1f67c5bf0c5019b9f15ddf7292028a/data/Z5dFf6O0wXHGK3,39853306.0,19615782290581.0,43028312.0,1599471934.0,116474681.0,314949056569.0,116474681.0,134817458649.0,50893163.0,309025486503.0,12125727.0,202216919643.0,103910449.0,2357944860.0,186376183.0,534604043650.0,0.0,0.0,109339254.0,36126371187.0,0.0,0.0,0.0,0.0,101811494.0,571541135074.0,893.0,121575.0,0.0,0.0,0.0,0.0,893.0,43506.0,922.0,30024.0,11615769.0,75260332234.0,102050725.0,2632875470.0,997858956.0,2283378791330.0,43755810.0,98247500452.0,0.0,0.0,4.19.0-ipanema-g8cd6f0a04f0c,i80,1407.73,6.96,15980686.0,103471619.0,102572262.0,149957015.0,0.0,102570677.0,41.1,555.0,1553782497.3773234,76794692.33,8002.9239
1396,1396,9.92,sysbench 1.1.0,cfs_wwc scheduling policy,64,300.0203,mongo v4.1.8,cfs_wwc scheduling policy,1935973,710.0,277905.0,365560.0,784327781.0,365560.0,933180211.0,0.0,0.0,8145069.0,50006737627.0,404.0,555231.0,147326736.0,72500079924.0,0.0,0.0,364342.0,53528225.0,0.0,0.0,0.0,0.0,11690.0,22101902.0,8.0,4935.0,0.0,0.0,0.0,0.0,7.0,6783.0,5.0,17684.0,329.0,2679791.0,0.0,0.0,156580538.0,124303824348.0,118.0,326349.0,0.0,0.0,/home/dc/storage/i80/mongo/r4.1.8/8a1f67c5bf0c5019b9f15ddf7292028a/data/rBtz1kqGjv64z4,73139295.0,46364838264985.0,2955.0,72790.0,73115133.0,160984920980.0,73115133.0,89543166745.0,73108933.0,288983203933.0,9057605.0,133608268532.0,115768.0,2596044.0,146935835.0,414391563830.0,0.0,0.0,73445184.0,10437178034.0,0.0,0.0,0.0,0.0,73111775.0,103059326181.0,317.0,45068.0,0.0,0.0,0.0,0.0,317.0,16293.0,346.0,14024.0,4967244.0,28275990571.0,73114245.0,1817586054.0,600463047.0,1231541929823.0,372257.0,437980744.0,0.0,0.0,4.19.0-ipanema-g8cd6f0a04f0c,i80,87.4,5.61,16026762.0,116166.0,73496374.0,146971380.0,0.0,73495373.0,11.45,232.0,1553788184.3350902,19195365.57,6452.8071
1398,1398,33.52,sysbench 1.1.0,cfs_wwc scheduling policy,256,300.1076,mongo v4.1.8,cfs_wwc scheduling policy,2290726,2857.0,1392339.0,1106049.0,3380541248.0,1106049.0,2697383777.0,0.0,0.0,11391594.0,67018871964.0,40107.0,45866748.0,184167633.0,65800995578.0,0.0,0.0,1102489.0,186944703.0,0.0,0.0,0.0,0.0,400799.0,1549839155.0,15.0,8263.0,0.0,0.0,0.0,0.0,8.0,10582.0,7.0,29265.0,3462.0,26722041.0,0.0,0.0,199321593.0,140710294224.0,524.0,1688561.0,0.0,0.0,/home/dc/storage/i80/mongo/r4.1.8/8a1f67c5bf0c5019b9f15ddf7292028a/data/lIg2fbjcHu2Y8h,39838439.0,22089908689150.0,41309765.0,1095233859.0,114499877.0,301345995982.0,114499877.0,142239747750.0,50453384.0,310617620014.0,12155272.0,204169015800.0,101250294.0,2873061783.0,182884970.0,536587742877.0,0.0,0.0,107438710.0,32829854715.0,0.0,0.0,0.0,0.0,100178005.0,589401233336.0,893.0,124023.0,0.0,0.0,0.0,0.0,893.0,45424.0,922.0,31049.0,11610937.0,77648991480.0,100477765.0,2688309856.0,978556763.0,2298293829297.0,41795199.0,96796821349.0,0.0,0.0,4.19.0-ipanema-g8cd6f0a04f0c,i80,1521.73,6.65,14517951.0,100844228.0,101304475.0,148407669.0,0.0,101302896.0,45.79,596.0,1553732719.4446769,76794611.39,7633.0164
1401,1401,7.34,sysbench 1.1.0,cfs_wwc scheduling policy,32,300.0108,mongo v4.1.8,cfs_wwc scheduling policy,1307536,482.0,152559.0,215960.0,351114042.0,215960.0,496694500.0,0.0,0.0,4398548.0,20648895130.0,88.0,149119.0,99459839.0,34216315341.0,0.0,0.0,214811.0,24639380.0,0.0,0.0,0.0,0.0,11127.0,17468958.0,19.0,13338.0,0.0,0.0,0.0,0.0,18.0,15396.0,17.0,61994.0,330.0,2362543.0,0.0,0.0,104517225.0,55757929313.0,26.0,47013.0,0.0,0.0,/home/dc/storage/i80/mongo/r4.1.8/8a1f67c5bf0c5019b9f15ddf7292028a/data/9VpmO6tGohFSqo,49387910.0,55464973686046.0,157.0,12918.0,49355994.0,88744361654.0,49355994.0,53800307376.0,49355727.0,226567321091.0,4982014.0,47335062076.0,2967.0,86949.0,99223229.0,299347621469.0,0.0,0.0,49541731.0,6250160371.0,0.0,0.0,0.0,0.0,49355804.0,59977622440.0,221.0,33069.0,0.0,0.0,0.0,0.0,221.0,10600.0,250.0,11221.0,2513763.0,8233142165.0,49355869.0,1198879686.0,403356374.0,791817059796.0,312433.0,362426711.0,0.0,0.0,4.19.0-ipanema-g8cd6f0a04f0c,i80,95.93,5.35,14187309.0,3056.0,49590576.0,99166420.0,0.0,49589659.0,8.28,461.0,1553780758.9483273,9597243.57,4358.2966
1402,1402,16.16,sysbench 1.1.0,cfs_wwc scheduling policy,128,300.0409,mongo v4.1.8,cfs_wwc scheduling policy,2375263,1755.0,750565.0,637554.0,1837736335.0,637554.0,1441552700.0,0.0,0.0,11622703.0,73746861808.0,5951.0,8642173.0,188856920.0,113784856618.0,0.0,0.0,635602.0,90449880.0,0.0,0.0,0.0,0.0,11485.0,65363821.0,12.0,6857.0,0.0,0.0,0.0,0.0,7.0,7119.0,5.0,17509.0,357.0,3896112.0,0.0,0.0,202410158.0,190980850822.0,253.0,709325.0,0.0,0.0,/home/dc/storage/i80/mongo/r4.1.8/8a1f67c5bf0c5019b9f15ddf7292028a/data/RqVQHpEwXOFi2Q,88369301.0,29585721074571.0,1448082.0,34641399.0,107210071.0,296289029024.0,107210071.0,150386541042.0,95702469.0,362230243517.0,12136891.0,207199491536.0,60956353.0,1434707363.0,188193815.0,568797751344.0,0.0,0.0,99278064.0,24853548989.0,0.0,0.0,0.0,0.0,98670652.0,290930144618.0,509.0,64976.0,0.0,0.0,0.0,0.0,509.0,29263.0,538.0,19654.0,9530766.0,65329639279.0,98779730.0,8879404722.0,879585129.0,1976926971513.0,466609.0,561714787.0,0.0,0.0,4.19.0-ipanema-g8cd6f0a04f0c,i80,171.69,5.69,13475637.0,60842764.0,99327622.0,188307097.0,0.0,99326429.0,18.28,192.0,1553769658.5625734,38394215.23,7916.4639
1408,1408,9.69,sysbench 1.1.0,cfs_wwc scheduling policy,64,300.0215,mongo v4.1.8,cfs_wwc scheduling policy,1980839,689.0,250015.0,754022.0,1927922118.0,754022.0,1967057943.0,0.0,0.0,8107946.0,49075306209.0,2297.0,2490860.0,150985335.0,77176846301.0,0.0,0.0,752878.0,124030275.0,0.0,0.0,0.0,0.0,400786.0,440235199.0,21.0,12716.0,0.0,0.0,0.0,0.0,6.0,5612.0,5.0,13737.0,3572.0,21107445.0,0.0,0.0,161761710.0,130735581741.0,131.0,303311.0,0.0,0.0,/home/dc/storage/i80/mongo/r4.1.8/8a1f67c5bf0c5019b9f15ddf7292028a/data/pDfRBxNTZhK0mb,74958556.0,47880758764422.0,2490.0,68328.0,74550215.0,159428546305.0,74550215.0,87652623839.0,74540592.0,292755811890.0,9195398.0,134819661190.0,191291.0,4147893.0,149814371.0,416079117711.0,0.0,0.0,74870427.0,10376099419.0,0.0,0.0,0.0,0.0,74544526.0,103053965662.0,317.0,43837.0,0.0,0.0,0.0,0.0,317.0,15970.0,346.0,13586.0,4971802.0,28995961485.0,74546384.0,2055202408.0,612175270.0,1235687290159.0,396579.0,466010636.0,0.0,0.0,4.19.0-ipanema-g8cd6f0a04f0c,i80,78.56,5.38,15052650.0,193578.0,75319168.0,150607185.0,0.0,75318167.0,11.24,270.0,1553735370.3571653,19195413.06,6602.3236
1411,1411,7.39,sysbench 1.1.0,cfs_wwc scheduling policy,32,300.0098,mongo v4.1.8,cfs_wwc scheduling policy,1298867,457.0,145201.0,570796.0,1443329611.0,570796.0,1558399575.0,0.0,0.0,4065810.0,19410337047.0,140.0,199358.0,99738443.0,36025310985.0,0.0,0.0,569529.0,102498416.0,0.0,0.0,0.0,0.0,399586.0,419666047.0,11.0,6815.0,0.0,0.0,0.0,0.0,9.0,7299.0,8.0,26789.0,3000.0,12217711.0,0.0,0.0,105918631.0,58972217455.0,46.0,72601.0,0.0,0.0,/home/dc/storage/i80/mongo/r4.1.8/8a1f67c5bf0c5019b9f15ddf7292028a/data/tHqF6ljDZ14oR2,49486422.0,58259600063522.0,137.0,10707.0,49064612.0,88674772190.0,49064612.0,52641084185.0,49064332.0,228432411236.0,5072284.0,49317030989.0,3363.0,86973.0,98757252.0,302255552323.0,0.0,0.0,49220369.0,6080717235.0,0.0,0.0,0.0,0.0,49064427.0,59761481921.0,221.0,32407.0,0.0,0.0,0.0,0.0,221.0,10918.0,250.0,12068.0,2515198.0,8633166750.0,49064471.0,1164119970.0,401350078.0,797415693246.0,458329.0,455203374.0,0.0,0.0,4.19.0-ipanema-g8cd6f0a04f0c,i80,81.81,5.32,12839180.0,3505.0,49655844.0,99301181.0,0.0,49654936.0,8.43,488.0,1553710681.764949,9597304.32,4329.4149
1417,1417,50.84,sysbench 1.1.0,cfs_wwc scheduling policy,400,300.173,mongo v4.1.8,cfs_wwc scheduling policy,2360355,3189.0,1637131.0,1131077.0,3305101005.0,1131077.0,2887293751.0,0.0,0.0,8844346.0,48230212510.0,7925.0,10608015.0,159264595.0,38809813225.0,0.0,0.0,1127131.0,185548469.0,0.0,0.0,0.0,0.0,406087.0,864269340.0,21.0,14365.0,0.0,0.0,0.0,0.0,17.0,16643.0,16.0,55126.0,3110.0,23743653.0,0.0,0.0,171919082.0,94319857650.0,491.0,1544417.0,0.0,0.0,/home/dc/storage/i80/mongo/r4.1.8/8a1f67c5bf0c5019b9f15ddf7292028a/data/ZjnRTcn7VwGjxK,13552860.0,21835258845876.0,79606660.0,1956967626.0,115052151.0,287466901379.0,115052151.0,119415107005.0,22264124.0,200747958704.0,12190309.0,222252988859.0,106001474.0,2604354857.0,157960920.0,408679257779.0,0.0,0.0,111971425.0,37456923329.0,0.0,0.0,0.0,0.0,100272056.0,685472136846.0,1325.0,210335.0,0.0,0.0,0.0,0.0,1325.0,68552.0,1354.0,34086.0,11906388.0,77589419258.0,100535962.0,2428376836.0,975840316.0,2147635360331.0,43022692.0,101564654880.0,0.0,0.0,4.19.0-ipanema-g8cd6f0a04f0c,i80,562.49,6.5,14542805.0,105548925.0,101423720.0,126679767.0,0.0,101421700.0,71.83,834.0,1553730097.7207446,120005545.66,7863.3155
1423,1423,49.47,sysbench 1.1.0,cfs_wwc scheduling policy,400,300.1816,mongo v4.1.8,cfs_wwc scheduling policy,2425858,3380.0,2129255.0,752180.0,2106222261.0,752180.0,1737287349.0,0.0,0.0,8856723.0,47802176103.0,344.0,631595.0,161549063.0,37582275822.0,0.0,0.0,748601.0,147824787.0,0.0,0.0,0.0,0.0,12216.0,61996348.0,6.0,3156.0,0.0,0.0,0.0,0.0,5.0,5251.0,2.0,5608.0,353.0,3702368.0,0.0,0.0,172675596.0,89446194437.0,543.0,1934534.0,0.0,0.0,/home/dc/storage/i80/mongo/r4.1.8/8a1f67c5bf0c5019b9f15ddf7292028a/data/PA4x00n3FZTIHF,13468122.0,19289524489494.0,81404475.0,1980741300.0,117094056.0,306932290124.0,117094056.0,116837885865.0,22421998.0,199395278133.0,12165281.0,221875523272.0,108045240.0,2517975952.0,160763785.0,415973422488.0,0.0,0.0,113955735.0,38273818877.0,0.0,0.0,0.0,0.0,102113570.0,694094232027.0,1325.0,186419.0,0.0,0.0,0.0,0.0,1325.0,62322.0,1354.0,40189.0,11907903.0,77945180575.0,102362145.0,2318415647.0,993539257.0,2182777470439.0,44207009.0,104632417249.0,0.0,0.0,4.19.0-ipanema-g8cd6f0a04f0c,i80,2658.37,7.02,16193030.0,107583012.0,102884689.0,128198562.0,0.0,102882683.0,66.84,789.0,1553786013.4711487,120007015.18,8081.3013
1429,1429,10.25,sysbench 1.1.0,cfs_wwc scheduling policy,64,300.0213,mongo v4.1.8,cfs_wwc scheduling policy,1872375,727.0,246291.0,359906.0,769410160.0,359906.0,910723245.0,0.0,0.0,8234690.0,48245213529.0,435.0,640321.0,142677906.0,75867250422.0,0.0,0.0,358801.0,48385920.0,0.0,0.0,0.0,0.0,11299.0,20784920.0,26.0,17943.0,0.0,0.0,0.0,0.0,17.0,11892.0,16.0,49782.0,393.0,3256918.0,0.0,0.0,152004232.0,125866249760.0,110.0,258417.0,0.0,0.0,/home/dc/storage/i80/mongo/r4.1.8/8a1f67c5bf0c5019b9f15ddf7292028a/data/4CyJzkmTZnttoD,70784179.0,48604685078128.0,3377.0,300194.0,70765781.0,151259541233.0,70765781.0,88895697787.0,70755942.0,290333177160.0,8950814.0,124086916740.0,177241.0,3947841.0,142292870.0,411486427283.0,0.0,0.0,71084125.0,9850112294.0,0.0,0.0,0.0,0.0,70759965.0,102411238549.0,317.0,45075.0,0.0,0.0,0.0,0.0,317.0,15909.0,346.0,13436.0,4963186.0,28135755857.0,70762598.0,1838256520.0,581727599.0,1208818653031.0,444939.0,517207153.0,0.0,0.0,4.19.0-ipanema-g8cd6f0a04f0c,i80,93.53,5.26,12820532.0,177670.0,71139377.0,142249987.0,0.0,71138366.0,11.87,200.0,1553770092.7418842,19195548.64,6240.8078
1430,1430,47.79,sysbench 1.1.0,cfs_wwc scheduling policy,400,300.1805,mongo v4.1.8,cfs_wwc scheduling policy,2511269,3447.0,1591024.0,1148074.0,3518779579.0,1148074.0,2848796527.0,0.0,0.0,8957445.0,49219700476.0,8217.0,11824643.0,167662093.0,43258485510.0,0.0,0.0,1143843.0,187798564.0,0.0,0.0,0.0,0.0,392840.0,806756392.0,4.0,1950.0,0.0,0.0,0.0,0.0,4.0,4317.0,3.0,8665.0,3431.0,22944990.0,0.0,0.0,180467908.0,99878038613.0,433.0,1345976.0,0.0,0.0,/home/dc/storage/i80/mongo/r4.1.8/8a1f67c5bf0c5019b9f15ddf7292028a/data/BChnfFfSLlBxmN,13786586.0,19500132256977.0,84505228.0,2034992767.0,120987827.0,315833964941.0,120987827.0,118799186061.0,22856431.0,197999861530.0,12192216.0,220134350460.0,111695749.0,2797813819.0,166356595.0,414061070065.0,0.0,0.0,118245604.0,40837773307.0,0.0,0.0,0.0,0.0,105627057.0,697278179615.0,1325.0,181786.0,0.0,0.0,0.0,0.0,1325.0,65858.0,1354.0,37441.0,11902549.0,77393952956.0,105881445.0,2861101013.0,1027045640.0,2193298149968.0,45803108.0,103265618349.0,0.0,0.0,4.19.0-ipanema-g8cd6f0a04f0c,i80,2588.78,6.73,15813986.0,111246433.0,106795380.0,133204923.0,0.0,106793373.0,62.19,796.0,1553712869.9683928,120004949.63,8365.8625
1435,1435,7.37,sysbench 1.1.0,cfs_wwc scheduling policy,32,300.0098,mongo v4.1.8,cfs_wwc scheduling policy,1302210,519.0,170534.0,221388.0,355267407.0,221388.0,483732700.0,0.0,0.0,4488908.0,20740793797.0,121.0,183873.0,99202511.0,35044558245.0,0.0,0.0,220434.0,28403199.0,0.0,0.0,0.0,0.0,11227.0,17611753.0,13.0,9327.0,0.0,0.0,0.0,0.0,6.0,6033.0,5.0,15431.0,385.0,2431642.0,0.0,0.0,104366929.0,56673224882.0,24.0,40941.0,0.0,0.0,/home/dc/storage/i80/mongo/r4.1.8/8a1f67c5bf0c5019b9f15ddf7292028a/data/H25SRpJIlg2XDZ,49222494.0,58538054090936.0,229.0,13928.0,49189886.0,86945224730.0,49189886.0,53702367596.0,49189580.0,228607509333.0,4957780.0,45614671905.0,3317.0,96221.0,98960009.0,300662967128.0,0.0,0.0,49375623.0,5863227703.0,0.0,0.0,0.0,0.0,49189684.0,59945485649.0,221.0,31002.0,0.0,0.0,0.0,0.0,221.0,10273.0,250.0,12478.0,2516531.0,8380632265.0,49189820.0,1286956317.0,402143627.0,791357919381.0,380590.0,348712853.0,0.0,0.0,4.19.0-ipanema-g8cd6f0a04f0c,i80,77.54,5.37,10301038.0,3438.0,49430699.0,98841131.0,0.0,49429794.0,8.58,421.0,1553766114.3183384,9597344.99,4340.5577
1439,1439,32.02,sysbench 1.1.0,cfs_wwc scheduling policy,256,300.1097,mongo v4.1.8,cfs_wwc scheduling policy,2398363,2926.0,1524855.0,1112341.0,3329213833.0,1112341.0,2614438808.0,0.0,0.0,11394132.0,65655219784.0,39136.0,43860391.0,188981791.0,72626938420.0,0.0,0.0,1108802.0,185714302.0,0.0,0.0,0.0,0.0,398288.0,1413783980.0,10.0,4585.0,0.0,0.0,0.0,0.0,9.0,10408.0,6.0,23365.0,3613.0,23633553.0,0.0,0.0,204153707.0,145895444081.0,312.0,1077797.0,0.0,0.0,/home/dc/storage/i80/mongo/r4.1.8/8a1f67c5bf0c5019b9f15ddf7292028a/data/BnTprcquf1DM7l,40600430.0,21043193639886.0,42962560.0,1043784317.0,117209682.0,309933557601.0,117209682.0,135107403830.0,51585073.0,303608618580.0,12168386.0,204847904654.0,104226537.0,2596535764.0,187700665.0,531264106723.0,0.0,0.0,110127964.0,35619503092.0,0.0,0.0,0.0,0.0,102445660.0,566679666152.0,893.0,151358.0,0.0,0.0,0.0,0.0,893.0,42525.0,922.0,23372.0,11619227.0,75709099544.0,102703126.0,2623495965.0,1003558528.0,2267146789395.0,43597258.0,98112895918.0,0.0,0.0,4.19.0-ipanema-g8cd6f0a04f0c,i80,1450.69,7.14,15780091.0,103846844.0,103578285.0,151865271.0,0.0,103576707.0,42.61,582.0,1553761678.502788,76794332.67,7991.6223
1447,1447,49.89,sysbench 1.1.0,cfs_wwc scheduling policy,400,300.176,mongo v4.1.8,cfs_wwc scheduling policy,2405469,3369.0,1682371.0,1142285.0,3365181328.0,1142285.0,2875379132.0,0.0,0.0,8900770.0,48070639986.0,7839.0,11032489.0,162809140.0,38631526835.0,0.0,0.0,1138196.0,195232027.0,0.0,0.0,0.0,0.0,402351.0,802402835.0,16.0,9499.0,0.0,0.0,0.0,0.0,16.0,20855.0,13.0,35395.0,3839.0,23110327.0,0.0,0.0,175550649.0,93977807683.0,530.0,1554604.0,0.0,0.0,/home/dc/storage/i80/mongo/r4.1.8/8a1f67c5bf0c5019b9f15ddf7292028a/data/JrkN5atrtZ7N4E,13422041.0,21104440464890.0,82570516.0,1995577863.0,117854843.0,310008322177.0,117854843.0,120926997099.0,22153160.0,200155207658.0,12190005.0,221612552099.0,108508931.0,2789025070.0,161500931.0,414031245603.0,0.0,0.0,115137817.0,38622024801.0,0.0,0.0,0.0,0.0,103026539.0,700045361539.0,1325.0,195784.0,0.0,0.0,0.0,0.0,1325.0,69001.0,1355.0,41110.0,11908927.0,76453061918.0,103311205.0,2916504338.0,999924969.0,2188726945126.0,43903247.0,99170759066.0,0.0,0.0,4.19.0-ipanema-g8cd6f0a04f0c,i80,6226.89,5.99,15519209.0,108039363.0,104189295.0,129726850.0,0.0,104187277.0,65.65,776.0,1553763886.5286222,120004279.1,8013.5278
1463,1463,7.28,sysbench 1.1.0,cfs_wwc scheduling policy,32,300.0106,mongo v4.1.8,cfs_wwc scheduling policy,1317714,527.0,158917.0,536802.0,1469569548.0,536802.0,1560433527.0,0.0,0.0,3944794.0,18493768054.0,200.0,267529.0,100872218.0,37311127231.0,0.0,0.0,535455.0,111574921.0,0.0,0.0,0.0,0.0,385764.0,426707477.0,12.0,6917.0,0.0,0.0,0.0,0.0,10.0,7201.0,10.0,28229.0,3043.0,12449409.0,0.0,0.0,106815665.0,59386152060.0,28.0,53100.0,0.0,0.0,/home/dc/storage/i80/mongo/r4.1.8/8a1f67c5bf0c5019b9f15ddf7292028a/data/bSzjBhs5VoV8vG,50133795.0,56497122714389.0,170.0,13022.0,49725406.0,88964427961.0,49725406.0,53589247720.0,49725174.0,228353794118.0,5059856.0,50534319102.0,2734.0,68085.0,99937760.0,301696996116.0,0.0,0.0,49859052.0,6048495832.0,0.0,0.0,0.0,0.0,49725223.0,59887059598.0,221.0,34335.0,0.0,0.0,0.0,0.0,221.0,10560.0,250.0,12087.0,2515132.0,8378008415.0,49725301.0,1223624355.0,406341726.0,799003633811.0,339820.0,327522505.0,0.0,0.0,4.19.0-ipanema-g8cd6f0a04f0c,i80,74.97,5.32,13665802.0,2940.0,50282312.0,100553055.0,0.0,50281402.0,8.28,454.0,1553732286.8860676,9597357.12,4392.2243
1470,1470,16.42,sysbench 1.1.0,cfs_wwc scheduling policy,128,300.0473,mongo v4.1.8,cfs_wwc scheduling policy,2338362,1716.0,775968.0,624992.0,1740055475.0,624992.0,1402626155.0,0.0,0.0,11372023.0,70514174594.0,5838.0,8582792.0,185918248.0,111622126795.0,0.0,0.0,623096.0,85784683.0,0.0,0.0,0.0,0.0,11771.0,65982392.0,14.0,10291.0,0.0,0.0,0.0,0.0,14.0,30755.0,14.0,40363.0,257.0,2775299.0,0.0,0.0,199183211.0,185443691132.0,236.0,725570.0,0.0,0.0,/home/dc/storage/i80/mongo/r4.1.8/8a1f67c5bf0c5019b9f15ddf7292028a/data/AoOPTE2T57Yx85,87130147.0,27975696764938.0,1468827.0,39957962.0,105347140.0,296047521600.0,105347140.0,151480736924.0,94213528.0,354656880656.0,12140922.0,210648624479.0,59127853.0,1575917254.0,185267748.0,553928576708.0,0.0,0.0,97716677.0,24629123569.0,0.0,0.0,0.0,0.0,97120034.0,289409278314.0,509.0,70139.0,0.0,0.0,0.0,0.0,509.0,25626.0,538.0,17033.0,9537893.0,66916349177.0,97233456.0,2736812764.0,864860411.0,1952543959098.0,337637.0,474066893.0,0.0,0.0,4.19.0-ipanema-g8cd6f0a04f0c,i80,183.26,5.39,16579268.0,59014941.0,97764021.0,185493562.0,0.0,97762819.0,20.37,207.0,1553784252.7685044,38394119.63,7793.3124
1479,1479,7.06,sysbench 1.1.0,cfs_wwc_flat_v2 scheduling policy,32,300.0113,mongo v4.1.8,cfs_wwc_flat_v2 scheduling policy,1359916,592.0,175918.0,247330.0,405530274.0,247330.0,580985544.0,0.0,0.0,4589554.0,21262076605.0,214.0,308767.0,103332229.0,35450397936.0,0.0,0.0,246576.0,35189020.0,0.0,0.0,0.0,0.0,11436.0,17203325.0,12.0,7540.0,0.0,0.0,0.0,0.0,6.0,6556.0,5.0,14049.0,452.0,3106946.0,0.0,0.0,108675795.0,57755099836.0,59.0,97356.0,0.0,0.0,/home/dc/storage/i80/mongo/r4.1.8/cd00ceaf742578295c3b7c8e696ab61f/data/2hCt0LJsAGeEur,51268128.0,59263851112745.0,153.0,5366.0,51234936.0,92727739650.0,51234937.0,51692941027.0,51234572.0,173106128679.0,4979666.0,53650503858.0,1579.0,42968.0,103063707.0,252929391027.0,0.0,0.0,51462167.0,6352333213.0,0.0,0.0,0.0,0.0,51234625.0,197336387521.0,221.0,33976.0,0.0,0.0,0.0,0.0,221.0,11542.0,250.0,12246.0,2524049.0,8755202814.0,51234659.0,1222609484.0,418556654.0,838101465082.0,350912.0,328121711.0,0.0,0.0,4.19.0-ipanema-g8cd6f0a04f0c,i80,72.47,5.6,13476101.0,1805.0,51501577.0,102999103.0,0.0,51500673.0,8.28,479.0,1553779888.6038394,9596882.91,4532.8824
1486,1486,7.24,sysbench 1.1.0,cfs_wwc_flat_v2 scheduling policy,32,300.0113,mongo v4.1.8,cfs_wwc_flat_v2 scheduling policy,1325744,621.0,211284.0,247059.0,401252407.0,247059.0,582876798.0,0.0,0.0,4607314.0,22600622085.0,101.0,165323.0,100982668.0,34434286445.0,0.0,0.0,245291.0,34011203.0,0.0,0.0,0.0,0.0,11941.0,18889885.0,19.0,9890.0,0.0,0.0,0.0,0.0,18.0,11909.0,18.0,55809.0,424.0,2963763.0,0.0,0.0,106342557.0,58075402077.0,24.0,45276.0,0.0,0.0,/home/dc/storage/i80/mongo/r4.1.8/cd00ceaf742578295c3b7c8e696ab61f/data/VMDJPdz3wXEp82,50067776.0,63754476877089.0,255.0,7564.0,50032589.0,91486328463.0,50032589.0,51297129501.0,50032189.0,174750399206.0,5005940.0,51996844180.0,1332.0,50379.0,100713268.0,256667230177.0,0.0,0.0,50258008.0,6595156093.0,0.0,0.0,0.0,0.0,50032265.0,198204696314.0,221.0,32715.0,0.0,0.0,0.0,0.0,221.0,11197.0,250.0,11939.0,2535351.0,8853388594.0,50032398.0,1273910809.0,409082735.0,841604175759.0,405859.0,478978628.0,0.0,0.0,4.19.0-ipanema-g8cd6f0a04f0c,i80,75.82,5.57,12468962.0,1441.0,50300058.0,100595336.0,0.0,50299140.0,8.43,434.0,1553766581.1733215,9596900.91,4418.9807
1489,1489,34.15,sysbench 1.1.0,cfs_wwc_flat_v2 scheduling policy,256,300.0817,mongo v4.1.8,cfs_wwc_flat_v2 scheduling policy,2249009,2757.0,1442598.0,1125569.0,3429185959.0,1125569.0,2842772344.0,0.0,0.0,11736588.0,72190389701.0,106384.0,119704528.0,181112442.0,69009764702.0,0.0,0.0,1122274.0,155736460.0,0.0,0.0,0.0,0.0,403205.0,1887631240.0,13.0,7192.0,0.0,0.0,0.0,0.0,11.0,15082.0,9.0,31455.0,3824.0,26924003.0,0.0,0.0,196738979.0,149664613074.0,334.0,1007810.0,0.0,0.0,/home/dc/storage/i80/mongo/r4.1.8/cd00ceaf742578295c3b7c8e696ab61f/data/7CR1sHgpsCoBNe,42599897.0,24948880656268.0,16526568.0,395355203.0,116845305.0,284012282053.0,116845305.0,135413009490.0,50508712.0,309587885946.0,12198791.0,210684685380.0,101733882.0,2575997574.0,179736181.0,533755661845.0,0.0,0.0,97739552.0,22680011317.0,0.0,0.0,0.0,0.0,95274524.0,772709582286.0,893.0,125530.0,0.0,0.0,0.0,0.0,893.0,46010.0,923.0,39887.0,11041091.0,73365289305.0,95465616.0,2183488640.0,934954585.0,2439135222440.0,41036349.0,91771761974.0,0.0,0.0,4.19.0-ipanema-g8cd6f0a04f0c,i80,6126.26,8.7,14670793.0,100631885.0,96420875.0,141489794.0,0.0,96419293.0,41.85,379.0,1553761252.0440595,76793474.13,7494.6568
1490,1490,7.14,sysbench 1.1.0,cfs_wwc_flat_v2 scheduling policy,32,300.0111,mongo v4.1.8,cfs_wwc_flat_v2 scheduling policy,1343514,623.0,211840.0,618534.0,1405188213.0,618534.0,1536940335.0,0.0,0.0,4293497.0,20406968388.0,106.0,163417.0,102769120.0,37286356453.0,0.0,0.0,617746.0,102360972.0,0.0,0.0,0.0,0.0,410029.0,389915660.0,9.0,4418.0,0.0,0.0,0.0,0.0,8.0,9028.0,6.0,17445.0,4518.0,17215099.0,0.0,0.0,109332760.0,61145416556.0,30.0,65288.0,0.0,0.0,/home/dc/storage/i80/mongo/r4.1.8/cd00ceaf742578295c3b7c8e696ab61f/data/EPYEtuBRn5uAHN,51034984.0,59620351943761.0,163.0,5935.0,50602447.0,91274982296.0,50602447.0,50120340274.0,50602131.0,173284956370.0,5072808.0,54397658818.0,1256.0,39574.0,101729661.0,255349634743.0,0.0,0.0,50800301.0,6394924481.0,0.0,0.0,0.0,0.0,50602166.0,196293531478.0,221.0,31993.0,0.0,0.0,0.0,0.0,221.0,10808.0,250.0,13440.0,2529857.0,9646093826.0,50602209.0,1567159502.0,413457068.0,838685548615.0,310930.0,356165077.0,0.0,0.0,4.19.0-ipanema-g8cd6f0a04f0c,i80,77.75,5.28,12373656.0,1363.0,51241717.0,102477906.0,0.0,51240811.0,8.13,489.0,1553710248.7788956,9596984.56,4478.2149
1494,1494,9.68,sysbench 1.1.0,cfs_wwc_flat_v2 scheduling policy,64,300.0237,mongo v4.1.8,cfs_wwc_flat_v2 scheduling policy,1982178,788.0,308901.0,424856.0,916485950.0,424856.0,1110877812.0,0.0,0.0,8539630.0,53848876946.0,342.0,473967.0,150443490.0,72742238254.0,0.0,0.0,423655.0,62281416.0,0.0,0.0,0.0,0.0,11862.0,21831291.0,25.0,15596.0,0.0,0.0,0.0,0.0,22.0,17780.0,19.0,55826.0,443.0,3727872.0,0.0,0.0,160270065.0,128707402767.0,77.0,211156.0,0.0,0.0,/home/dc/storage/i80/mongo/r4.1.8/cd00ceaf742578295c3b7c8e696ab61f/data/CTJBhDwA2rBWA5,74604864.0,52533508300688.0,2046.0,58974.0,74572568.0,161027313053.0,74572568.0,89811435596.0,74571748.0,243555176396.0,9176641.0,137098497855.0,3390.0,105819.0,149995282.0,380025738783.0,0.0,0.0,74972593.0,11175617522.0,0.0,0.0,0.0,0.0,74571872.0,340818878178.0,317.0,43049.0,0.0,0.0,0.0,0.0,317.0,14581.0,346.0,15595.0,4979421.0,29713925689.0,74573714.0,1947156330.0,612428178.0,1395755860683.0,435355.0,581883263.0,0.0,0.0,4.19.0-ipanema-g8cd6f0a04f0c,i80,85.38,5.41,13131745.0,3734.0,75017316.0,150025234.0,0.0,75016301.0,11.24,194.0,1553771909.962933,19195314.29,6606.7388
1495,1495,10.21,sysbench 1.1.0,cfs_wwc_flat_v2 scheduling policy,64,300.0242,mongo v4.1.8,cfs_wwc_flat_v2 scheduling policy,1880346,731.0,265294.0,410189.0,872561207.0,410189.0,1072015656.0,0.0,0.0,8405932.0,49247206084.0,529.0,727862.0,142909684.0,70885167274.0,0.0,0.0,408764.0,58659958.0,0.0,0.0,0.0,0.0,11459.0,23032103.0,29.0,15235.0,0.0,0.0,0.0,0.0,10.0,6833.0,8.0,22012.0,402.0,3810851.0,0.0,0.0,152558073.0,122163823994.0,147.0,333625.0,0.0,0.0,/home/dc/storage/i80/mongo/r4.1.8/cd00ceaf742578295c3b7c8e696ab61f/data/TutMpga9t69tSO,70891099.0,49319079160586.0,1916.0,67566.0,70859343.0,156972584303.0,70859343.0,88369284576.0,70858549.0,238381499058.0,9032992.0,133636490997.0,3507.0,103104.0,142476059.0,369714859531.0,0.0,0.0,71245837.0,11337139986.0,0.0,0.0,0.0,0.0,70858729.0,336054470533.0,317.0,40774.0,0.0,0.0,0.0,0.0,317.0,14273.0,346.0,14579.0,4969048.0,29127977732.0,70860469.0,2007363279.0,582383992.0,1366022939874.0,357220.0,421029583.0,0.0,0.0,4.19.0-ipanema-g8cd6f0a04f0c,i80,86.22,5.58,13072009.0,4036.0,71288575.0,142569030.0,0.0,71287571.0,11.87,206.0,1553789953.2337372,19195251.49,6267.314
1497,1497,32.85,sysbench 1.1.0,cfs_wwc_flat_v2 scheduling policy,256,300.083,mongo v4.1.8,cfs_wwc_flat_v2 scheduling policy,2337898,2700.0,1270615.0,750115.0,2235808540.0,750115.0,1656570793.0,0.0,0.0,11811200.0,69197761210.0,2722.0,4748771.0,186907143.0,69148367462.0,0.0,0.0,747267.0,92416396.0,0.0,0.0,0.0,0.0,11465.0,78402018.0,10.0,5495.0,0.0,0.0,0.0,0.0,9.0,6424.0,6.0,22876.0,314.0,3018305.0,0.0,0.0,200983352.0,142419344163.0,286.0,945258.0,0.0,0.0,/home/dc/storage/i80/mongo/r4.1.8/cd00ceaf742578295c3b7c8e696ab61f/data/T4lVpjUI9ZVo00,43896295.0,25419303895331.0,16601216.0,636115583.0,121119065.0,305514288658.0,121119065.0,135018196158.0,52231157.0,310150059613.0,12144462.0,209279792538.0,105418879.0,2454988185.0,186135781.0,546294662489.0,0.0,0.0,101077874.0,30673111496.0,0.0,0.0,0.0,0.0,98740418.0,754039289232.0,893.0,137910.0,0.0,0.0,0.0,0.0,893.0,50914.0,922.0,32599.0,11004059.0,72896295781.0,98906025.0,7561844596.0,967113369.0,2468289176118.0,42612660.0,93770310366.0,0.0,0.0,4.19.0-ipanema-g8cd6f0a04f0c,i80,1640.01,7.77,12889791.0,104245143.0,99510181.0,145747377.0,0.0,99508603.0,40.37,347.0,1553782079.9493194,76793450.13,7790.8375
1501,1501,50.72,sysbench 1.1.0,cfs_wwc_flat_v2 scheduling policy,400,300.133,mongo v4.1.8,cfs_wwc_flat_v2 scheduling policy,2365668,3404.0,1496691.0,1164213.0,3453759307.0,1164213.0,2814951799.0,0.0,0.0,11075109.0,62667845320.0,15570.0,18469941.0,169680556.0,45880350482.0,0.0,0.0,1160096.0,198952557.0,0.0,0.0,0.0,0.0,400952.0,1081570296.0,22.0,11235.0,0.0,0.0,0.0,0.0,8.0,6697.0,7.0,30823.0,3532.0,22963520.0,0.0,0.0,184668195.0,116142026824.0,513.0,1618156.0,0.0,0.0,/home/dc/storage/i80/mongo/r4.1.8/cd00ceaf742578295c3b7c8e696ab61f/data/eohTPH8OXLlJd3,23965511.0,21540557256118.0,39400105.0,912515220.0,125343668.0,311857286269.0,125343668.0,120890052684.0,29993602.0,265793349385.0,12196340.0,218251635058.0,118918539.0,2568284114.0,168353413.0,493100884075.0,0.0,0.0,106275270.0,28737766892.0,0.0,0.0,0.0,0.0,100154271.0,821481895186.0,1325.0,200009.0,0.0,0.0,0.0,0.0,1325.0,74990.0,1354.0,46205.0,11760437.0,75470217565.0,100373590.0,2785008910.0,981252664.0,2440511176251.0,43135757.0,98661959689.0,0.0,0.0,4.19.0-ipanema-g8cd6f0a04f0c,i80,2676.56,8.14,15024310.0,117331234.0,101338981.0,131429625.0,0.0,101336969.0,63.32,584.0,1553729232.3627508,119997196.64,7882.0658
1506,1506,17.16,sysbench 1.1.0,cfs_wwc_flat_v2 scheduling policy,128,300.041,mongo v4.1.8,cfs_wwc_flat_v2 scheduling policy,2237295,1905.0,828500.0,658014.0,1852589927.0,658014.0,1579888470.0,0.0,0.0,11292216.0,74559470405.0,5705.0,8577993.0,161217274.0,137186291350.0,0.0,0.0,655915.0,153837494.0,0.0,0.0,0.0,0.0,11667.0,58887167.0,24.0,13971.0,0.0,0.0,0.0,0.0,22.0,26065.0,19.0,66071.0,416.0,4246108.0,0.0,0.0,174501448.0,215405482867.0,257.0,759346.0,0.0,0.0,/home/dc/storage/i80/mongo/r4.1.8/cd00ceaf742578295c3b7c8e696ab61f/data/rdy1kbIwwBgxOc,68420378.0,32645561287579.0,6891440.0,160209041.0,110093371.0,276682441903.0,110093371.0,129291348980.0,82080507.0,330681524183.0,11982141.0,208609160244.0,65063355.0,1479434237.0,160516747.0,518800817914.0,0.0,0.0,91620823.0,29111299587.0,0.0,0.0,0.0,0.0,90996333.0,578764045763.0,509.0,75201.0,0.0,0.0,0.0,0.0,509.0,29429.0,538.0,21833.0,9050568.0,61230623181.0,91081832.0,2227539721.0,829890371.0,2137517398795.0,418327.0,478827578.0,0.0,0.0,4.19.0-ipanema-g8cd6f0a04f0c,i80,181.97,5.98,13353587.0,64742661.0,91673949.0,160721951.0,0.0,91672742.0,19.65,176.0,1553768343.6797767,38393592.36,7456.6304
1507,1507,50.25,sysbench 1.1.0,cfs_wwc_flat_v2 scheduling policy,400,300.1347,mongo v4.1.8,cfs_wwc_flat_v2 scheduling policy,2388131,3358.0,1670850.0,1168581.0,3500110916.0,1168580.0,2793463790.0,0.0,0.0,11133274.0,62941492656.0,16434.0,19972903.0,171212824.0,47344892169.0,0.0,0.0,1164462.0,186747294.0,0.0,0.0,0.0,0.0,401399.0,1131904781.0,8.0,4006.0,0.0,0.0,0.0,0.0,7.0,7589.0,7.0,28314.0,3336.0,22782668.0,0.0,0.0,186272731.0,117944599916.0,461.0,1521980.0,0.0,0.0,/home/dc/storage/i80/mongo/r4.1.8/cd00ceaf742578295c3b7c8e696ab61f/data/AZyRCKdd0Z8PXH,24175663.0,21621762325469.0,39534907.0,1018819158.0,126262533.0,310932492826.0,126262533.0,126943422351.0,30201561.0,268213194846.0,12195446.0,218822391306.0,119756764.0,2794630311.0,169880602.0,488593388971.0,0.0,0.0,107214130.0,29260705129.0,0.0,0.0,0.0,0.0,101032385.0,799504462831.0,1325.0,207723.0,0.0,0.0,0.0,0.0,1325.0,70348.0,1354.0,46012.0,11757365.0,75973320420.0,101256624.0,2474938597.0,988927823.0,2428334586074.0,43568969.0,103802495245.0,0.0,0.0,4.19.0-ipanema-g8cd6f0a04f0c,i80,2711.33,7.21,15106851.0,118242321.0,102221398.0,132582946.0,0.0,102219387.0,62.19,552.0,1553763453.5703185,119995882.78,7956.8628
1509,1509,18.04,sysbench 1.1.0,cfs_wwc_flat_v2 scheduling policy,128,300.0399,mongo v4.1.8,cfs_wwc_flat_v2 scheduling policy,2128406,1889.0,789874.0,645497.0,1803069488.0,645497.0,1536585604.0,0.0,0.0,11366106.0,72571895302.0,5721.0,8862735.0,155271791.0,140290430317.0,0.0,0.0,643431.0,89356690.0,0.0,0.0,0.0,0.0,11535.0,58773687.0,21.0,11739.0,0.0,0.0,0.0,0.0,19.0,12412.0,18.0,61824.0,309.0,3134349.0,0.0,0.0,168592035.0,216363538487.0,201.0,554466.0,0.0,0.0,/home/dc/storage/i80/mongo/r4.1.8/cd00ceaf742578295c3b7c8e696ab61f/data/NqG4wwDe5h29K0,65962628.0,32779510928398.0,6505039.0,302601559.0,105743414.0,265603865751.0,105743414.0,132009483114.0,79012080.0,332170853529.0,11959437.0,207908535258.0,62026026.0,1428040083.0,154581738.0,520792418959.0,0.0,0.0,88123006.0,23440198909.0,0.0,0.0,0.0,0.0,87510732.0,595001303299.0,509.0,80942.0,0.0,0.0,0.0,0.0,509.0,24777.0,538.0,20376.0,9053678.0,61547897720.0,87592996.0,2035056815.0,798295330.0,2142750436756.0,442214.0,510055665.0,0.0,0.0,4.19.0-ipanema-g8cd6f0a04f0c,i80,176.03,5.59,13425775.0,61713536.0,88175853.0,154753850.0,0.0,88174647.0,20.74,190.0,1553785591.9893875,38393158.68,7093.7427
1512,1512,9.92,sysbench 1.1.0,cfs_wwc_flat_v2 scheduling policy,64,300.0241,mongo v4.1.8,cfs_wwc_flat_v2 scheduling policy,1934867,853.0,326812.0,824446.0,2226588160.0,824446.0,2346279709.0,0.0,0.0,8012428.0,48745816373.0,464.0,642424.0,147996077.0,77282626903.0,0.0,0.0,823057.0,151848968.0,0.0,0.0,0.0,0.0,422097.0,487622055.0,25.0,16594.0,0.0,0.0,0.0,0.0,18.0,14058.0,17.0,55384.0,4030.0,22457093.0,0.0,0.0,158908022.0,131264465821.0,64.0,171288.0,0.0,0.0,/home/dc/storage/i80/mongo/r4.1.8/cd00ceaf742578295c3b7c8e696ab61f/data/uBQETNjMIkiQgc,73436384.0,52266202797975.0,2241.0,92525.0,72992276.0,164804614962.0,72992276.0,90225110143.0,72991331.0,245309386520.0,9218471.0,138546065735.0,5461.0,155404.0,146734738.0,386148947330.0,0.0,0.0,73374371.0,12151124999.0,0.0,0.0,0.0,0.0,72991488.0,349747855544.0,317.0,41032.0,0.0,0.0,0.0,0.0,317.0,16427.0,346.0,14652.0,4970235.0,29998263860.0,72993530.0,2117122162.0,599620975.0,1419517892226.0,353577.0,469080931.0,0.0,0.0,4.19.0-ipanema-g8cd6f0a04f0c,i80,85.7,5.47,14529675.0,5931.0,73837638.0,147660368.0,0.0,73836625.0,11.24,251.0,1553734940.2229464,19195199.15,6449.0386
1514,1514,33.16,sysbench 1.1.0,cfs_wwc_flat_v2 scheduling policy,256,300.0832,mongo v4.1.8,cfs_wwc_flat_v2 scheduling policy,2315865,2759.0,1084733.0,1151686.0,3688729750.0,1151686.0,2965265444.0,0.0,0.0,11801386.0,70576438758.0,87914.0,114105874.0,185183217.0,69307884760.0,0.0,0.0,1148234.0,297509192.0,0.0,0.0,0.0,0.0,420357.0,2111230428.0,5.0,1520.0,0.0,0.0,0.0,0.0,5.0,8567.0,3.0,7938.0,3893.0,26979788.0,0.0,0.0,200951476.0,149090350944.0,331.0,1104192.0,0.0,0.0,/home/dc/storage/i80/mongo/r4.1.8/cd00ceaf742578295c3b7c8e696ab61f/data/N5z9hFSxdIYxBL,43492355.0,28331459403920.0,16641440.0,659039798.0,119255585.0,304465392469.0,119255585.0,134146908731.0,51531959.0,314016034571.0,12208235.0,211710135391.0,104001287.0,2494684350.0,183779230.0,541942064925.0,0.0,0.0,99740122.0,30915935274.0,0.0,0.0,0.0,0.0,97225997.0,752147485390.0,893.0,130823.0,0.0,0.0,0.0,0.0,893.0,46282.0,922.0,39126.0,11028271.0,72478207582.0,97388229.0,2243829754.0,954299317.0,2460103259721.0,42240669.0,92883325255.0,0.0,0.0,4.19.0-ipanema-g8cd6f0a04f0c,i80,1626.26,7.99,14171126.0,102923428.0,98399170.0,144409673.0,0.0,98397595.0,41.1,383.0,1553733176.4081588,76792905.74,7717.41
1523,1523,7.24,sysbench 1.1.0,cfs_wwc_flat_v2 scheduling policy,32,300.0109,mongo v4.1.8,cfs_wwc_flat_v2 scheduling policy,1325282,595.0,183292.0,612444.0,1516288147.0,612444.0,1669874867.0,0.0,0.0,4090513.0,19966505233.0,153.0,220091.0,101640864.0,37040120844.0,0.0,0.0,610785.0,113521882.0,0.0,0.0,0.0,0.0,409984.0,413861492.0,11.0,6610.0,0.0,0.0,0.0,0.0,7.0,18810.0,6.0,18824.0,2603.0,11192259.0,0.0,0.0,107980435.0,60731856633.0,26.0,44282.0,0.0,0.0,/home/dc/storage/i80/mongo/r4.1.8/cd00ceaf742578295c3b7c8e696ab61f/data/h2KqAVhCFSaePp,50440163.0,60113535691352.0,192.0,7856.0,50007819.0,89947969598.0,50007819.0,50099728246.0,50007481.0,172678270513.0,5086997.0,56278884187.0,1436.0,39017.0,100608261.0,252450702593.0,0.0,0.0,50197939.0,6131730038.0,0.0,0.0,0.0,0.0,50007544.0,194296204947.0,221.0,32543.0,0.0,0.0,0.0,0.0,221.0,10456.0,250.0,12050.0,2522460.0,9708200957.0,50007627.0,1110467334.0,408842749.0,833132567363.0,386482.0,430307028.0,0.0,0.0,4.19.0-ipanema-g8cd6f0a04f0c,i80,76.79,5.38,14150792.0,1595.0,50641134.0,101274885.0,0.0,50640227.0,8.43,460.0,1553730542.7462265,9596876.47,4417.446
1525,1525,52.09,sysbench 1.1.0,cfs_wwc_flat_v2 scheduling policy,400,300.1336,mongo v4.1.8,cfs_wwc_flat_v2 scheduling policy,2303744,3299.0,1681936.0,771375.0,2189253924.0,771375.0,1672142935.0,0.0,0.0,11017932.0,60694995659.0,491.0,848118.0,164710701.0,44936119549.0,0.0,0.0,767870.0,113374487.0,0.0,0.0,0.0,0.0,11489.0,75565239.0,11.0,4455.0,0.0,0.0,0.0,0.0,10.0,8632.0,6.0,21903.0,398.0,3590126.0,0.0,0.0,178055364.0,109688742359.0,407.0,1135396.0,0.0,0.0,/home/dc/storage/i80/mongo/r4.1.8/cd00ceaf742578295c3b7c8e696ab61f/data/5tCn2kOeBLtWgy,23233572.0,22353240086526.0,38299793.0,1476331934.0,122149962.0,307320707659.0,122149962.0,121374726497.0,29220901.0,271585855209.0,12150142.0,215640477626.0,115804929.0,2917495142.0,163904649.0,492217586789.0,0.0,0.0,103419965.0,28961056713.0,0.0,0.0,0.0,0.0,97658524.0,804011043223.0,1325.0,219656.0,0.0,0.0,0.0,0.0,1325.0,74475.0,1354.0,47188.0,11763891.0,76294378476.0,97879598.0,2266389333.0,956449411.0,2423140555892.0,42043091.0,99074165972.0,0.0,0.0,4.19.0-ipanema-g8cd6f0a04f0c,i80,3002.33,7.4,12816844.0,114247126.0,98449490.0,127447891.0,0.0,98447480.0,64.47,544.0,1553787340.8074749,119996488.93,7675.728
1527,1527,51.18,sysbench 1.1.0,cfs_wwc_flat_v2 scheduling policy,400,300.1308,mongo v4.1.8,cfs_wwc_flat_v2 scheduling policy,2344583,3352.0,1494586.0,1169497.0,3576340271.0,1169497.0,2817267340.0,0.0,0.0,11107685.0,62349812553.0,16983.0,20735834.0,170362421.0,48381746608.0,0.0,0.0,1165395.0,269978550.0,0.0,0.0,0.0,0.0,405081.0,1125487019.0,19.0,15469.0,0.0,0.0,0.0,0.0,18.0,16814.0,18.0,58002.0,4506.0,26075336.0,0.0,0.0,185404801.0,118569977387.0,329.0,949005.0,0.0,0.0,/home/dc/storage/i80/mongo/r4.1.8/cd00ceaf742578295c3b7c8e696ab61f/data/8lI7Xtg1Vl5ZVl,24495875.0,22377203249993.0,38497549.0,1384284254.0,125625943.0,319887997622.0,125625943.0,125575172411.0,30448951.0,272390103405.0,12184621.0,217298708876.0,118913279.0,2898692716.0,169023045.0,504411995992.0,0.0,0.0,106619079.0,36182209409.0,0.0,0.0,0.0,0.0,100633839.0,812872039253.0,1325.0,206349.0,0.0,0.0,0.0,0.0,1325.0,77667.0,1354.0,44841.0,11746055.0,75853882429.0,100876025.0,2182974192.0,982976821.0,2470557280930.0,42778488.0,99618891514.0,0.0,0.0,4.19.0-ipanema-g8cd6f0a04f0c,i80,2759.52,7.37,12981147.0,117381194.0,101824009.0,132309364.0,0.0,101821987.0,63.32,567.0,1553713307.0656025,119997198.32,7811.8714
1529,1529,17.28,sysbench 1.1.0,cfs_wwc_flat_v2 scheduling policy,128,300.039,mongo v4.1.8,cfs_wwc_flat_v2 scheduling policy,2221409,1964.0,715572.0,1052301.0,3239833289.0,1052301.0,2889252962.0,0.0,0.0,11476518.0,75236430935.0,177366.0,221970669.0,160657264.0,138936860221.0,0.0,0.0,1050045.0,181814977.0,0.0,0.0,0.0,0.0,408420.0,1449262071.0,5.0,1459.0,0.0,0.0,0.0,0.0,5.0,4290.0,3.0,8172.0,4461.0,25690392.0,0.0,0.0,175880942.0,222182754910.0,289.0,909901.0,0.0,0.0,/home/dc/storage/i80/mongo/r4.1.8/cd00ceaf742578295c3b7c8e696ab61f/data/qsl8E9Y7p9HWh7,68248085.0,33515806145869.0,6788646.0,448698438.0,108955694.0,269941147554.0,108955694.0,130390064543.0,81324408.0,328272996577.0,12024901.0,209317215806.0,64386422.0,1368529162.0,159193690.0,516214322805.0,0.0,0.0,90808563.0,23980099790.0,0.0,0.0,0.0,0.0,90182440.0,589841912518.0,509.0,65173.0,0.0,0.0,0.0,0.0,509.0,24733.0,538.0,20792.0,9052171.0,60968096913.0,90255935.0,2484847278.0,822358248.0,2133716716591.0,428128.0,488674509.0,0.0,0.0,4.19.0-ipanema-g8cd6f0a04f0c,i80,173.75,5.4,13566418.0,64243157.0,91255738.0,160134119.0,0.0,91254547.0,20.0,212.0,1553726589.8629744,38393018.81,7403.7333
1552,1552,17.03,sysbench 1.1.0,Linux,128,300.0441,mongo v4.1.8,Linux,2254903,4966154.0,2548294636.0,93654245.0,390290430613.0,93654245.0,194592841272.0,683.0,7220612.0,11483492.0,90308689909.0,41669811.0,43819641589.0,181570873.0,216546249043.0,0.0,0.0,84443080.0,14138105264.0,0.0,0.0,0.0,0.0,92638504.0,256560601556.0,9715.0,5643614.0,0.0,0.0,0.0,0.0,514.0,382388.0,541.0,987046.0,9490527.0,109361781638.0,0.0,0.0,613601360.0,1318224619815.0,18976.0,43750635.0,0.0,0.0,/home/dc/storage/i80/mongo/r4.1.8/dd5741cfc1f16af6e96bf1394e144bbc/data/3LTem4DP92DgrJ,84383471.0,29372305353767.0,0.0,0.0,0.0,0.0,0.0,0.0,0.0,0.0,12190745.0,154506241998.0,0.0,0.0,22133.0,31017953.0,0.0,0.0,0.0,0.0,0.0,0.0,0.0,0.0,0.0,0.0,0.0,0.0,0.0,0.0,0.0,0.0,0.0,0.0,0.0,0.0,0.0,0.0,0.0,0.0,12212878.0,154537259951.0,0.0,0.0,0.0,0.0,4.19.0-ipanema-g8cd6f0a04f0c,i80,140.77,5.56,17272927.0,41626968.0,93400458.0,181134883.0,0.0,93399267.0,21.5,143.0,1553769227.2393668,38394097.19,7515.2387
1563,1563,52.96,sysbench 1.1.0,Linux,400,300.1764,mongo v4.1.8,Linux,2265604,66966481.0,30864085261.0,81170314.0,363382593982.0,81170313.0,374018982704.0,55.0,484022.0,4387181.0,34056841069.0,15495214.0,19863741700.0,175489514.0,199369168050.0,0.0,0.0,12812963.0,2351700825.0,0.0,0.0,0.0,0.0,79767664.0,233479333534.0,40492.0,23537038.0,0.0,0.0,0.0,0.0,1328.0,948483.0,1357.0,2269054.0,11725714.0,125365016499.0,0.0,0.0,564765789.0,1487655745755.0,35737199.0,104877043534.0,0.0,0.0,/home/dc/storage/i80/mongo/r4.1.8/dd5741cfc1f16af6e96bf1394e144bbc/data/4OmVu1zM7WUFkX,12541548.0,20854503741504.0,0.0,0.0,0.0,0.0,0.0,0.0,0.0,0.0,12157024.0,170808789742.0,0.0,0.0,9214.0,12769075.0,0.0,0.0,0.0,0.0,0.0,0.0,0.0,0.0,0.0,0.0,0.0,0.0,0.0,0.0,0.0,0.0,0.0,0.0,0.0,0.0,0.0,0.0,0.0,0.0,12166238.0,170821558817.0,0.0,0.0,0.0,0.0,4.19.0-ipanema-g8cd6f0a04f0c,i80,1840.31,6.69,15230956.0,15487556.0,80688659.0,166786325.0,0.0,80686652.0,73.13,706.0,1553729659.147516,119996874.4,7547.5744
1567,1567,51.31,sysbench 1.1.0,Linux,400,300.149,mongo v4.1.8,Linux,2338831,66486788.0,28041094101.0,79198556.0,362490920637.0,79198556.0,372103289091.0,39.0,345844.0,4008573.0,31700733545.0,13818597.0,17276748918.0,174615124.0,201952285182.0,0.0,0.0,11494591.0,2078608239.0,0.0,0.0,0.0,0.0,77852370.0,229169239988.0,31442.0,18592895.0,0.0,0.0,0.0,0.0,1388.0,1021842.0,1418.0,2695515.0,11763058.0,125221801564.0,0.0,0.0,555883889.0,1483349276255.0,37413389.0,113291898894.0,0.0,0.0,/home/dc/storage/i80/mongo/r4.1.8/dd5741cfc1f16af6e96bf1394e144bbc/data/h6onL750cVV8HR,11268233.0,20838499960814.0,0.0,0.0,0.0,0.0,0.0,0.0,0.0,0.0,12138248.0,157443052834.0,0.0,0.0,7914.0,10836045.0,0.0,0.0,0.0,0.0,0.0,0.0,0.0,0.0,0.0,0.0,0.0,0.0,0.0,0.0,0.0,0.0,0.0,0.0,0.0,0.0,0.0,0.0,0.0,0.0,12146162.0,157453888879.0,0.0,0.0,0.0,0.0,4.19.0-ipanema-g8cd6f0a04f0c,i80,1748.08,6.46,16549887.0,13811116.0,78763577.0,166310947.0,0.0,78761509.0,69.29,633.0,1553786902.3809395,119996406.36,7792.2322
1572,1572,6.78,sysbench 1.1.0,Linux,32,300.0133,mongo v4.1.8,Linux,1416442,208714.0,96947918.0,53468780.0,102885746311.0,53468780.0,70947141516.0,2424.0,20876265.0,4643241.0,24121795108.0,18510.0,18383490.0,107288984.0,74868923888.0,0.0,0.0,53260272.0,5394809019.0,0.0,0.0,0.0,0.0,53243036.0,40624557693.0,889.0,354158.0,0.0,0.0,0.0,0.0,229.0,228035.0,258.0,497125.0,2552382.0,11907335866.0,0.0,0.0,328159794.0,330890416856.0,3295.0,2820464.0,0.0,0.0,/home/dc/storage/i80/mongo/r4.1.8/dd5741cfc1f16af6e96bf1394e144bbc/data/xrLYY0iCTrIQJf,53270350.0,56768395686821.0,0.0,0.0,0.0,0.0,0.0,0.0,0.0,0.0,5018127.0,49927775330.0,0.0,0.0,16824.0,16632710.0,0.0,0.0,0.0,0.0,0.0,0.0,0.0,0.0,0.0,0.0,0.0,0.0,0.0,0.0,0.0,0.0,0.0,0.0,0.0,0.0,0.0,0.0,0.0,0.0,5034951.0,49944408040.0,0.0,0.0,0.0,0.0,4.19.0-ipanema-g8cd6f0a04f0c,i80,64.84,5.15,16401305.0,18520.0,53486667.0,106972755.0,0.0,53485760.0,7.43,559.0,1553767003.3831275,9596619.22,4721.2639
1575,1575,53.15,sysbench 1.1.0,Linux,400,300.1544,mongo v4.1.8,Linux,2257687,68475887.0,28331671288.0,83215625.0,417207455161.0,83215624.0,422089297807.0,42.0,363733.0,4544215.0,35946512748.0,16043627.0,21859121466.0,177942897.0,212397633768.0,0.0,0.0,13256767.0,2415835698.0,0.0,0.0,0.0,0.0,81852104.0,258324520078.0,26250.0,16781751.0,0.0,0.0,0.0,0.0,1330.0,892071.0,1359.0,2521737.0,11726316.0,126841944325.0,0.0,0.0,575838587.0,1655946578026.0,35536544.0,130512026395.0,0.0,0.0,/home/dc/storage/i80/mongo/r4.1.8/dd5741cfc1f16af6e96bf1394e144bbc/data/2rdfDJBtH8HikT,13067426.0,19909634420893.0,0.0,0.0,0.0,0.0,0.0,0.0,0.0,0.0,12161087.0,160285250855.0,0.0,0.0,7669.0,10515059.0,0.0,0.0,0.0,0.0,0.0,0.0,0.0,0.0,0.0,0.0,0.0,0.0,0.0,0.0,0.0,0.0,0.0,0.0,0.0,0.0,0.0,0.0,0.0,0.0,12168756.0,160295765914.0,0.0,0.0,0.0,0.0,4.19.0-ipanema-g8cd6f0a04f0c,i80,1682.58,6.95,15135572.0,16034956.0,82768369.0,169143286.0,0.0,82766361.0,71.83,760.0,1553711991.0552967,119996461.25,7521.7513
1593,1593,6.79,sysbench 1.1.0,Linux,32,300.0131,mongo v4.1.8,Linux,1412783,208497.0,99401364.0,53333568.0,103565197552.0,53333568.0,72942159155.0,2065.0,18025250.0,4659947.0,24223809759.0,15825.0,15402502.0,107046418.0,76266682271.0,0.0,0.0,53125976.0,6165663271.0,0.0,0.0,0.0,0.0,53109648.0,41613139018.0,887.0,357210.0,0.0,0.0,0.0,0.0,224.0,178885.0,253.0,453658.0,2553002.0,11922934194.0,0.0,0.0,327393299.0,336836118936.0,3421.0,2714847.0,0.0,0.0,/home/dc/storage/i80/mongo/r4.1.8/dd5741cfc1f16af6e96bf1394e144bbc/data/uu6aBZfDkNPnDq,53136503.0,57344604889909.0,0.0,0.0,0.0,0.0,0.0,0.0,0.0,0.0,5018541.0,51234923743.0,0.0,0.0,16433.0,15965693.0,0.0,0.0,0.0,0.0,0.0,0.0,0.0,0.0,0.0,0.0,0.0,0.0,0.0,0.0,0.0,0.0,0.0,0.0,0.0,0.0,0.0,0.0,0.0,0.0,5034974.0,51250889436.0,0.0,0.0,0.0,0.0,4.19.0-ipanema-g8cd6f0a04f0c,i80,74.06,5.06,16502176.0,15824.0,53351437.0,106702679.0,0.0,53350534.0,7.43,653.0,1553781184.8058925,9596593.38,4709.0704
1596,1596,33.08,sysbench 1.1.0,Linux,256,300.095,mongo v4.1.8,Linux,2321328,53708472.0,25600209335.0,74050798.0,324090635801.0,74050798.0,317361157410.0,217.0,2174666.0,6437512.0,45652163215.0,11864532.0,15220844681.0,174488598.0,232771224625.0,0.0,0.0,18720200.0,2859422452.0,0.0,0.0,0.0,0.0,72973754.0,194992242983.0,22663.0,14367160.0,0.0,0.0,0.0,0.0,896.0,617074.0,925.0,1717318.0,11691457.0,130413241055.0,0.0,0.0,520471176.0,1353603301842.0,22460354.0,64623284067.0,0.0,0.0,/home/dc/storage/i80/mongo/r4.1.8/dd5741cfc1f16af6e96bf1394e144bbc/data/pQnMK63tnoQ9gj,18541112.0,20888830301998.0,0.0,0.0,0.0,0.0,0.0,0.0,2.0,5079.0,12140565.0,169502835740.0,0.0,0.0,11381.0,17739156.0,0.0,0.0,0.0,0.0,0.0,0.0,0.0,0.0,0.0,0.0,0.0,0.0,0.0,0.0,0.0,0.0,0.0,0.0,0.0,0.0,0.0,0.0,0.0,0.0,12151948.0,169520579975.0,0.0,0.0,0.0,0.0,4.19.0-ipanema-g8cd6f0a04f0c,i80,1153.77,7.08,14919529.0,11857632.0,73826591.0,151659574.0,0.0,73825016.0,49.21,480.0,1553734482.0075364,76795506.25,7735.31
1597,1597,52.16,sysbench 1.1.0,Linux,400,300.1489,mongo v4.1.8,Linux,2300519,66504319.0,29322001276.0,80042136.0,354211225227.0,80042136.0,363896636890.0,38.0,343224.0,4235042.0,37427451799.0,14656443.0,18308794841.0,175062948.0,201211993493.0,0.0,0.0,12233403.0,2010360896.0,0.0,0.0,0.0,0.0,78714708.0,231068168801.0,26201.0,15234335.0,0.0,0.0,0.0,0.0,1522.0,1062640.0,1558.0,3299402.0,11744620.0,127659946499.0,0.0,0.0,559697445.0,1471453611184.0,36432371.0,106317091861.0,0.0,0.0,/home/dc/storage/i80/mongo/r4.1.8/dd5741cfc1f16af6e96bf1394e144bbc/data/xl9tuSXrkxeuPm,12039829.0,21047666722127.0,0.0,0.0,0.0,0.0,0.0,0.0,0.0,0.0,12173725.0,158771541048.0,0.0,0.0,7613.0,10293230.0,0.0,0.0,0.0,0.0,0.0,0.0,0.0,0.0,0.0,0.0,0.0,0.0,0.0,0.0,0.0,0.0,0.0,0.0,0.0,0.0,0.0,0.0,0.0,0.0,12181338.0,158781834278.0,0.0,0.0,0.0,0.0,4.19.0-ipanema-g8cd6f0a04f0c,i80,1749.31,7.06,15247782.0,14649188.0,79580614.0,166359179.0,0.0,79578406.0,71.83,671.0,1553764774.2619677,119997613.36,7664.5933
1601,1601,16.73,sysbench 1.1.0,Linux,128,300.0443,mongo v4.1.8,Linux,2294669,4805220.0,2640358693.0,95323421.0,381503728145.0,95323421.0,199056468987.0,582.0,6121986.0,11510094.0,90418105796.0,43322815.0,42474551864.0,184488115.0,206396491866.0,0.0,0.0,85927130.0,11066403991.0,0.0,0.0,0.0,0.0,94297013.0,260445507474.0,9622.0,4987246.0,0.0,0.0,0.0,0.0,534.0,400309.0,564.0,1102391.0,9484680.0,109357166495.0,0.0,0.0,624538727.0,1303466767030.0,45516.0,95371787.0,0.0,0.0,/home/dc/storage/i80/mongo/r4.1.8/dd5741cfc1f16af6e96bf1394e144bbc/data/XoEURcDSYjbc7U,85868105.0,29431991046849.0,0.0,0.0,0.0,0.0,0.0,0.0,1.0,1681.0,12223747.0,155057180505.0,0.0,0.0,21873.0,32637700.0,0.0,0.0,0.0,0.0,0.0,0.0,0.0,0.0,0.0,0.0,0.0,0.0,0.0,0.0,0.0,0.0,0.0,0.0,0.0,0.0,0.0,0.0,0.0,0.0,12245621.0,155089819886.0,0.0,0.0,0.0,0.0,4.19.0-ipanema-g8cd6f0a04f0c,i80,163.6,5.53,17460787.0,43273668.0,95058262.0,184037231.0,0.0,95057048.0,21.11,179.0,1553727904.2625806,38393834.94,7647.7676
1610,1610,6.84,sysbench 1.1.0,Linux,32,300.0119,mongo v4.1.8,Linux,1403511,182301.0,103875069.0,53371988.0,104703036947.0,53371988.0,71986813382.0,1242.0,10804335.0,4279098.0,23127460882.0,9721.0,9860795.0,107040099.0,76761423231.0,0.0,0.0,53190352.0,5694614933.0,0.0,0.0,0.0,0.0,53176220.0,42438020172.0,677.0,268291.0,0.0,0.0,0.0,0.0,234.0,208255.0,263.0,507858.0,2558638.0,11334695850.0,0.0,0.0,327182847.0,336171660353.0,26.0,70353.0,0.0,0.0,/home/dc/storage/i80/mongo/r4.1.8/dd5741cfc1f16af6e96bf1394e144bbc/data/bbgoLU4rVRIJpv,53201677.0,58117458168793.0,0.0,0.0,0.0,0.0,0.0,0.0,1.0,1663.0,5110654.0,49364078466.0,0.0,0.0,15665.0,14963406.0,0.0,0.0,0.0,0.0,0.0,0.0,0.0,0.0,0.0,0.0,0.0,0.0,0.0,0.0,0.0,0.0,0.0,0.0,0.0,0.0,0.0,0.0,0.0,0.0,5126320.0,49379043535.0,0.0,0.0,0.0,0.0,4.19.0-ipanema-g8cd6f0a04f0c,i80,66.3,5.04,14896021.0,9726.0,53392520.0,106783739.0,0.0,53391606.0,7.43,707.0,1553711569.3052638,9596694.4,4678.1847
1613,1613,6.94,sysbench 1.1.0,Linux,32,300.0138,mongo v4.1.8,Linux,1382999,186304.0,94074641.0,52599030.0,103590271646.0,52599030.0,73470786029.0,1990.0,17616179.0,4355725.0,22042856566.0,16740.0,16760845.0,105512871.0,76244413541.0,0.0,0.0,52413388.0,5916763805.0,0.0,0.0,0.0,0.0,52396450.0,44710183607.0,977.0,392617.0,0.0,0.0,0.0,0.0,237.0,244481.0,266.0,532167.0,2555892.0,11383333197.0,0.0,0.0,322639840.0,337489051663.0,940.0,822342.0,0.0,0.0,/home/dc/storage/i80/mongo/r4.1.8/dd5741cfc1f16af6e96bf1394e144bbc/data/0GUwkUAvx9iKWW,52423305.0,57000552409682.0,0.0,0.0,0.0,0.0,0.0,0.0,12.0,26554.0,5100135.0,49536096124.0,0.0,0.0,16514.0,16597028.0,0.0,0.0,0.0,0.0,0.0,0.0,0.0,0.0,0.0,0.0,0.0,0.0,0.0,0.0,0.0,0.0,0.0,0.0,0.0,0.0,0.0,0.0,0.0,0.0,5116661.0,49552719706.0,0.0,0.0,0.0,0.0,4.19.0-ipanema-g8cd6f0a04f0c,i80,66.37,5.32,14925588.0,16743.0,52618985.0,105237491.0,0.0,52618069.0,7.56,672.0,1553731863.4034786,9596619.92,4609.7852
1614,1614,9.93,sysbench 1.1.0,Linux,64,300.0245,mongo v4.1.8,Linux,1932128,369207.0,197184236.0,73003611.0,186815780436.0,73003611.0,112833779181.0,24509.0,220817932.0,8489900.0,57368233228.0,240495.0,218940038.0,146291901.0,140006066836.0,0.0,0.0,72623765.0,8076263046.0,0.0,0.0,0.0,0.0,72578514.0,77997666580.0,1661.0,663530.0,0.0,0.0,0.0,0.0,323.0,279266.0,352.0,620469.0,5021002.0,40001810914.0,0.0,0.0,451650086.0,623739650218.0,1235.0,1544526.0,0.0,0.0,/home/dc/storage/i80/mongo/r4.1.8/dd5741cfc1f16af6e96bf1394e144bbc/data/K4uLDIP15U0mCw,72624531.0,46902523225707.0,0.0,0.0,0.0,0.0,0.0,0.0,0.0,0.0,9082234.0,102952066450.0,0.0,0.0,35163.0,39768185.0,0.0,0.0,0.0,0.0,0.0,0.0,0.0,0.0,0.0,0.0,0.0,0.0,0.0,0.0,0.0,0.0,0.0,0.0,0.0,0.0,0.0,0.0,0.0,0.0,9117397.0,102991834635.0,0.0,0.0,0.0,0.0,4.19.0-ipanema-g8cd6f0a04f0c,i80,78.97,5.34,16507424.0,240480.0,73013286.0,146028247.0,0.0,73012284.0,11.87,960.0,1553789513.6391873,19195298.24,6439.901
1617,1617,9.83,sysbench 1.1.0,Linux,64,300.0236,mongo v4.1.8,Linux,1953655,368117.0,243983357.0,74086174.0,188180384264.0,74086174.0,113175908876.0,26081.0,246287933.0,8598456.0,64491960851.0,206631.0,193968920.0,148549963.0,139108119806.0,0.0,0.0,73705973.0,8527367546.0,0.0,0.0,0.0,0.0,73658924.0,75351737145.0,1604.0,664193.0,0.0,0.0,0.0,0.0,333.0,270671.0,363.0,654489.0,5022773.0,41296645439.0,0.0,0.0,458313407.0,630819544579.0,1841.0,1591089.0,0.0,0.0,/home/dc/storage/i80/mongo/r4.1.8/dd5741cfc1f16af6e96bf1394e144bbc/data/qB5X1wxzmKFgOI,73707461.0,47101110780670.0,0.0,0.0,0.0,0.0,0.0,0.0,1.0,389.0,9211086.0,112907998174.0,0.0,0.0,36321.0,36345032.0,0.0,0.0,0.0,0.0,0.0,0.0,0.0,0.0,0.0,0.0,0.0,0.0,0.0,0.0,0.0,0.0,0.0,0.0,0.0,0.0,0.0,0.0,0.0,0.0,9247408.0,112944343595.0,0.0,0.0,0.0,0.0,4.19.0-ipanema-g8cd6f0a04f0c,i80,77.3,5.32,15843358.0,206629.0,74098656.0,148197583.0,0.0,74097643.0,11.45,1111.0,1553736699.269449,19195401.87,6511.67
1620,1620,9.49,sysbench 1.1.0,Linux,64,300.0226,mongo v4.1.8,Linux,2023699,379616.0,198547575.0,76402903.0,197018861307.0,76402903.0,114138505521.0,24195.0,214616936.0,8606235.0,58167353995.0,256906.0,230589646.0,153149261.0,142510294350.0,0.0,0.0,76008444.0,8653528130.0,0.0,0.0,0.0,0.0,75964950.0,79883872551.0,1454.0,566481.0,0.0,0.0,0.0,0.0,323.0,291741.0,353.0,633235.0,5029412.0,39831521075.0,0.0,0.0,472227881.0,640850346108.0,926.0,1163565.0,0.0,0.0,/home/dc/storage/i80/mongo/r4.1.8/dd5741cfc1f16af6e96bf1394e144bbc/data/fli9vW3fM2Lf33,76010148.0,47757908754832.0,0.0,0.0,0.0,0.0,0.0,0.0,6.0,10975.0,9203426.0,109121735161.0,0.0,0.0,34682.0,33025493.0,0.0,0.0,0.0,0.0,0.0,0.0,0.0,0.0,0.0,0.0,0.0,0.0,0.0,0.0,0.0,0.0,0.0,0.0,0.0,0.0,0.0,0.0,0.0,0.0,9238114.0,109154771629.0,0.0,0.0,0.0,0.0,4.19.0-ipanema-g8cd6f0a04f0c,i80,83.22,5.18,16929113.0,256892.0,76413089.0,152823190.0,0.0,76412086.0,11.24,835.0,1553771449.9241614,19195268.18,6745.1553
1632,1632,31.37,sysbench 1.1.0,Linux,256,300.0952,mongo v4.1.8,Linux,2448143,57246954.0,23520939510.0,78072649.0,356138449925.0,78072649.0,337324461385.0,191.0,1959599.0,6624395.0,46542449922.0,11851384.0,13745363064.0,183568069.0,234446774161.0,0.0,0.0,19211258.0,2781420940.0,0.0,0.0,0.0,0.0,76974430.0,204046343244.0,20683.0,11109772.0,0.0,0.0,0.0,0.0,911.0,658190.0,939.0,1826620.0,11706310.0,130536372571.0,0.0,0.0,547310948.0,1424077627167.0,23960126.0,74979498264.0,0.0,0.0,/home/dc/storage/i80/mongo/r4.1.8/dd5741cfc1f16af6e96bf1394e144bbc/data/2gf9jeR7iCN61a,19047383.0,22311062324617.0,0.0,0.0,0.0,0.0,0.0,0.0,1.0,11695.0,12156145.0,179084975981.0,0.0,0.0,11317.0,17547333.0,0.0,0.0,0.0,0.0,0.0,0.0,0.0,0.0,0.0,0.0,0.0,0.0,0.0,0.0,0.0,0.0,0.0,0.0,0.0,0.0,0.0,0.0,0.0,0.0,12167463.0,179102535009.0,0.0,0.0,0.0,0.0,4.19.0-ipanema-g8cd6f0a04f0c,i80,1115.41,7.08,15798227.0,11844950.0,77863631.0,160174935.0,0.0,77862042.0,44.17,471.0,1553762114.0375032,76792023.97,8157.8881
1633,1633,17.05,sysbench 1.1.0,Linux,128,300.0434,mongo v4.1.8,Linux,2251931,7496970.0,4502358529.0,90570526.0,349012277668.0,90570526.0,199553138659.0,786.0,8582009.0,10818325.0,82337692885.0,34516934.0,36105270791.0,176359901.0,190926414966.0,0.0,0.0,79576172.0,9698189598.0,0.0,0.0,0.0,0.0,89624906.0,226912183474.0,8226.0,3794030.0,0.0,0.0,0.0,0.0,516.0,327111.0,543.0,936198.0,9511717.0,109445228750.0,0.0,0.0,589219660.0,1208869532589.0,163612.0,363137921.0,0.0,0.0,/home/dc/storage/i80/mongo/r4.1.8/dd5741cfc1f16af6e96bf1394e144bbc/data/QX6PH1U8Qqu7KS,79524021.0,29765850339528.0,0.0,0.0,0.0,0.0,0.0,0.0,16.0,239215.0,12185078.0,175088258214.0,0.0,0.0,19541.0,28259384.0,0.0,0.0,0.0,0.0,0.0,0.0,0.0,0.0,0.0,0.0,0.0,0.0,0.0,0.0,0.0,0.0,0.0,0.0,0.0,0.0,0.0,0.0,0.0,0.0,12204635.0,175116756813.0,0.0,0.0,0.0,0.0,4.19.0-ipanema-g8cd6f0a04f0c,i80,140.12,5.7,17667550.0,34483579.0,90353835.0,175859779.0,0.0,90352642.0,23.52,150.0,1553784682.5709126,38394090.13,7505.3503
1638,1638,31.33,sysbench 1.1.0,Linux,256,300.0991,mongo v4.1.8,Linux,2450785,55731229.0,23442597888.0,74280998.0,334008701631.0,74280998.0,323529479259.0,189.0,2013705.0,6186164.0,43542255568.0,10769068.0,12282582847.0,177744181.0,226325473911.0,0.0,0.0,17135029.0,2563975285.0,0.0,0.0,0.0,0.0,73197832.0,194114436621.0,20165.0,10694429.0,0.0,0.0,0.0,0.0,902.0,655142.0,930.0,1654197.0,11724176.0,128910477248.0,0.0,0.0,525298521.0,1362075823823.0,24226660.0,73340826092.0,0.0,0.0,/home/dc/storage/i80/mongo/r4.1.8/dd5741cfc1f16af6e96bf1394e144bbc/data/5sL4oOOKEvpruk,16976546.0,20804947215595.0,0.0,0.0,0.0,0.0,0.0,0.0,0.0,0.0,12115667.0,179537087001.0,0.0,0.0,11303.0,17097311.0,0.0,0.0,0.0,0.0,0.0,0.0,0.0,0.0,0.0,0.0,0.0,0.0,0.0,0.0,0.0,0.0,0.0,0.0,0.0,0.0,0.0,0.0,0.0,0.0,12126970.0,179554184312.0,0.0,0.0,0.0,0.0,4.19.0-ipanema-g8cd6f0a04f0c,i80,1134.75,6.67,16664412.0,10763299.0,74068241.0,154516629.0,0.0,74066661.0,44.17,412.0,1553782923.8419347,76791873.3,8166.5845
1712,1712,17.29,sysbench 1.1.0,ule_wwc_v3 scheduling policy,128,300.0445,mongo v4.1.8,ule_wwc_v3 scheduling policy,2220175,1662.0,705311.0,607987.0,1594355038.0,607987.0,1424448428.0,0.0,0.0,11351636.0,78515446998.0,5922.0,8695912.0,177081229.0,119335463145.0,0.0,0.0,606133.0,137705882.0,0.0,0.0,0.0,0.0,12519.0,61562580.0,11.0,5912.0,0.0,0.0,0.0,0.0,8.0,4814.0,6.0,22277.0,388.0,3616237.0,0.0,0.0,190275809.0,201082952110.0,321.0,919576.0,0.0,0.0,/home/dc/storage/i80/mongo/r4.1.8/08d20bce379e0e67c227fa8c5500faaa/data/XrRs2Afd4MUvli,83877280.0,38058047732952.0,1743685.0,44500013.0,92965324.0,209053608974.0,92965324.0,156902776214.0,82795416.0,73182304749.0,12054867.0,228011851612.0,51522431.0,3366790493.0,176431363.0,277322657327.0,0.0,0.0,92033590.0,13574445181.0,0.0,0.0,0.0,0.0,91465910.0,346526420952.0,509.0,59566.0,0.0,0.0,0.0,0.0,509.0,23703.0,538.0,11341.0,9066876.0,37597516107.0,91558050.0,2636385764.0,795064928.0,1348603262935.0,460536.0,383910939.0,0.0,0.0,4.19.0-ipanema-g8cd6f0a04f0c,i80,752.54,5.45,13502820.0,51459948.0,92094981.0,176542811.0,0.0,92093787.0,21.11,184.0,1553785155.4509602,38393975.38,7399.4855
1718,1718,51.67,sysbench 1.1.0,ule_wwc_v3 scheduling policy,400,300.1827,mongo v4.1.8,ule_wwc_v3 scheduling policy,2322311,3524.0,1682338.0,1140318.0,3627737325.0,1140318.0,3051767124.0,0.0,0.0,8435592.0,53021533203.0,4629.0,7966002.0,153544893.0,33569556067.0,0.0,0.0,1135926.0,203113488.0,0.0,0.0,0.0,0.0,400338.0,901947296.0,9.0,4378.0,0.0,0.0,0.0,0.0,8.0,8470.0,5.0,17817.0,4859.0,28338524.0,0.0,0.0,165810894.0,94415075600.0,475.0,1403568.0,0.0,0.0,/home/dc/storage/i80/mongo/r4.1.8/08d20bce379e0e67c227fa8c5500faaa/data/rnM88lf1ARbiNk,19758923.0,21506066114814.0,36456451.0,969752057.0,92966358.0,213546520349.0,92966358.0,120929106656.0,20011639.0,20194681222.0,12185993.0,293328733447.0,81983845.0,2223914171.0,152254654.0,258663541049.0,0.0,0.0,124207681.0,62197002137.0,0.0,0.0,0.0,0.0,88892012.0,791629975908.0,1325.0,186096.0,0.0,0.0,0.0,0.0,1325.0,68919.0,1354.0,32993.0,11857528.0,48376374756.0,89188856.0,2197586317.0,845419966.0,1885387252721.0,42444587.0,71129776644.0,0.0,0.0,4.19.0-ipanema-g8cd6f0a04f0c,i80,2164.19,7.07,16201858.0,81207253.0,90052820.0,145131796.0,0.0,90050810.0,65.65,863.0,1553713741.3216693,120000661.21,7736.3249
1723,1723,17.66,sysbench 1.1.0,ule_wwc_v3 scheduling policy,128,300.0407,mongo v4.1.8,ule_wwc_v3 scheduling policy,2173953,1733.0,856116.0,601584.0,1553853446.0,601584.0,1399497944.0,0.0,0.0,11278537.0,79449612819.0,5546.0,8015124.0,173766755.0,121428184643.0,0.0,0.0,599673.0,144606441.0,0.0,0.0,0.0,0.0,12046.0,61075069.0,8.0,4301.0,0.0,0.0,0.0,0.0,7.0,6659.0,7.0,21652.0,393.0,4194121.0,0.0,0.0,186868162.0,204050778648.0,289.0,850313.0,0.0,0.0,/home/dc/storage/i80/mongo/r4.1.8/08d20bce379e0e67c227fa8c5500faaa/data/62FATdVUvRav8j,82344193.0,34760468071166.0,1731257.0,45847898.0,91226219.0,208890255772.0,91226220.0,151919888409.0,81290829.0,73851691372.0,12028124.0,224819731291.0,50533291.0,3184653543.0,173123242.0,261805148273.0,0.0,0.0,90336098.0,13537600379.0,0.0,0.0,0.0,0.0,89773415.0,343978565288.0,509.0,68795.0,0.0,0.0,0.0,0.0,509.0,25422.0,538.0,21363.0,9064520.0,37878772772.0,89875209.0,2117710687.0,780585936.0,1322366009104.0,375956.0,336027840.0,0.0,0.0,4.19.0-ipanema-g8cd6f0a04f0c,i80,170.83,5.72,13644275.0,50470658.0,90395244.0,173304982.0,0.0,90394050.0,21.5,167.0,1553767907.771869,38393945.95,7245.5262
1728,1728,52.39,sysbench 1.1.0,ule_wwc_v3 scheduling policy,400,300.1702,mongo v4.1.8,ule_wwc_v3 scheduling policy,2290585,3396.0,2134568.0,1135265.0,3358455122.0,1135265.0,2940241995.0,0.0,0.0,8353763.0,52174208418.0,5478.0,7453532.0,151608658.0,33466428760.0,0.0,0.0,1131181.0,278454642.0,0.0,0.0,0.0,0.0,402956.0,863261780.0,22.0,13590.0,0.0,0.0,0.0,0.0,20.0,21764.0,19.0,76277.0,4096.0,24200832.0,0.0,0.0,163780449.0,93116231597.0,330.0,1280317.0,0.0,0.0,/home/dc/storage/i80/mongo/r4.1.8/08d20bce379e0e67c227fa8c5500faaa/data/8cDSGoAJZRyEXu,19519882.0,21585164008550.0,36155915.0,979607387.0,91829337.0,213830999211.0,91829337.0,121603367095.0,19759123.0,20270749651.0,12183734.0,293044180701.0,80915719.0,6591113402.0,150320962.0,267087333016.0,0.0,0.0,122574316.0,58821065167.0,0.0,0.0,0.0,0.0,87777961.0,786699915666.0,1325.0,199174.0,0.0,0.0,0.0,0.0,1325.0,73571.0,1354.0,32925.0,11860563.0,50718496048.0,88060159.0,2152289457.0,835158220.0,1894690098982.0,41887090.0,72890676511.0,0.0,0.0,4.19.0-ipanema-g8cd6f0a04f0c,i80,2965.98,6.46,16380782.0,80198111.0,88933748.0,143254272.0,0.0,88931725.0,66.84,851.0,1553728800.1337714,120001854.27,7630.9536
1734,1734,9.96,sysbench 1.1.0,ule_wwc_v3 scheduling policy,64,300.0224,mongo v4.1.8,ule_wwc_v3 scheduling policy,1926998,1238.0,459047.0,813125.0,2043585430.0,813125.0,2152173641.0,3.0,44185.0,7694930.0,49108059496.0,7082.0,7369926.0,146490878.0,154663240976.0,0.0,0.0,811614.0,130579324.0,0.0,0.0,0.0,0.0,413556.0,462025394.0,12.0,5643.0,0.0,0.0,0.0,0.0,5.0,6657.0,5.0,12014.0,3603.0,19640097.0,0.0,0.0,157049282.0,208587467860.0,106.0,266030.0,0.0,0.0,/home/dc/storage/i80/mongo/r4.1.8/08d20bce379e0e67c227fa8c5500faaa/data/CbCs587cpVEXU5,72477691.0,50496975425753.0,84196.0,2306732.0,72564461.0,122650761910.0,72564462.0,87406496421.0,71980984.0,42769386350.0,8841478.0,140299822322.0,13319492.0,277704999.0,145236876.0,169422457646.0,0.0,0.0,72844047.0,11461540316.0,0.0,0.0,0.0,0.0,72500317.0,160505293568.0,317.0,40106.0,0.0,0.0,0.0,0.0,317.0,14795.0,346.0,9431.0,4936110.0,13812482908.0,72502234.0,2004346992.0,607721570.0,750846576246.0,345933.0,233911750.0,0.0,0.0,4.19.0-ipanema-g8cd6f0a04f0c,i80,82.59,5.11,13536626.0,13326459.0,73334577.0,146159958.0,0.0,73333577.0,11.87,433.0,1553736275.019481,19195681.98,6422.8471
1736,1736,6.96,sysbench 1.1.0,ule_wwc_v3 scheduling policy,32,300.0111,mongo v4.1.8,ule_wwc_v3 scheduling policy,1379697,608.0,195831.0,247801.0,411063234.0,247801.0,590263810.0,0.0,0.0,4549290.0,24161361568.0,122.0,178909.0,104614638.0,37145760956.0,0.0,0.0,247000.0,29423468.0,0.0,0.0,0.0,0.0,11657.0,17758245.0,5.0,1915.0,0.0,0.0,0.0,0.0,5.0,5394.0,2.0,4362.0,425.0,2861899.0,0.0,0.0,109919385.0,62358940531.0,31.0,60940.0,0.0,0.0,/home/dc/storage/i80/mongo/r4.1.8/08d20bce379e0e67c227fa8c5500faaa/data/GTITXDpxbuLzUG,51926292.0,61587683642211.0,431.0,20492.0,51894842.0,73718532316.0,51894842.0,56048863724.0,51891709.0,29280407170.0,4967353.0,61265022770.0,71795.0,1498561.0,104345063.0,110041056521.0,0.0,0.0,52100447.0,5546462211.0,0.0,0.0,0.0,0.0,51894464.0,93474891400.0,221.0,32814.0,0.0,0.0,0.0,0.0,221.0,11001.0,250.0,5468.0,2526180.0,3830955663.0,51894499.0,1128382556.0,423819993.0,434567023207.0,337676.0,230880540.0,0.0,0.0,4.19.0-ipanema-g8cd6f0a04f0c,i80,86.23,5.42,10134866.0,71922.0,52162485.0,104296557.0,0.0,52161583.0,7.56,350.0,1553767456.9785125,9596510.88,4598.8196
1737,1737,6.94,sysbench 1.1.0,ule_wwc_v3 scheduling policy,32,300.011,mongo v4.1.8,ule_wwc_v3 scheduling policy,1381939,597.0,190522.0,241895.0,398106387.0,241895.0,572505073.0,0.0,0.0,4501019.0,23204448727.0,144.0,206891.0,104787310.0,35831044669.0,0.0,0.0,241113.0,32386442.0,0.0,0.0,0.0,0.0,11852.0,18809266.0,8.0,3560.0,0.0,0.0,0.0,0.0,6.0,3669.0,5.0,13219.0,453.0,3544222.0,0.0,0.0,110026339.0,60061344080.0,42.0,81433.0,0.0,0.0,/home/dc/storage/i80/mongo/r4.1.8/08d20bce379e0e67c227fa8c5500faaa/data/hPMOYDqGx0lNG7,52008328.0,61828298530935.0,401.0,18723.0,51975732.0,73044417790.0,51975732.0,55025430324.0,51973042.0,27120903716.0,4974589.0,61090750406.0,68147.0,1511677.0,104522664.0,108901538415.0,0.0,0.0,52180052.0,5836847608.0,0.0,0.0,0.0,0.0,51975392.0,93985829029.0,221.0,32335.0,0.0,0.0,0.0,0.0,221.0,10181.0,250.0,7106.0,2533419.0,3921716690.0,51975416.0,1186408685.0,424509662.0,430371219692.0,354384.0,255797007.0,0.0,0.0,4.19.0-ipanema-g8cd6f0a04f0c,i80,64.38,5.57,10380876.0,68298.0,52237765.0,104452690.0,0.0,52236860.0,7.56,413.0,1553780343.1548927,9596713.82,4606.2937
1738,1738,51.74,sysbench 1.1.0,ule_wwc_v3 scheduling policy,400,300.1953,mongo v4.1.8,ule_wwc_v3 scheduling policy,2319460,3210.0,1991306.0,743303.0,2171014678.0,743303.0,1815193632.0,0.0,0.0,8476984.0,53226393988.0,203.0,345562.0,154158507.0,32044586101.0,0.0,0.0,739876.0,112304888.0,0.0,0.0,0.0,0.0,12030.0,76173059.0,5.0,1847.0,0.0,0.0,0.0,0.0,5.0,5004.0,3.0,7909.0,304.0,3040715.0,0.0,0.0,164878087.0,89452229396.0,354.0,1170707.0,0.0,0.0,/home/dc/storage/i80/mongo/r4.1.8/08d20bce379e0e67c227fa8c5500faaa/data/o75o31v6DVP6iI,19949824.0,19743870623083.0,36567250.0,1005687932.0,94059122.0,224076257542.0,94059122.0,122471139213.0,20323331.0,21165246512.0,12140904.0,287281589865.0,82727648.0,2028561330.0,153389762.0,271260641815.0,0.0,0.0,124971090.0,65622828052.0,0.0,0.0,0.0,0.0,90025310.0,786087608442.0,1325.0,203404.0,0.0,0.0,0.0,0.0,1325.0,67170.0,1354.0,31760.0,11861686.0,49659380192.0,90337392.0,7364461085.0,852852487.0,1911043624882.0,42385866.0,73019920568.0,0.0,0.0,4.19.0-ipanema-g8cd6f0a04f0c,i80,2214.8,6.84,16242802.0,81955461.0,90787635.0,145686608.0,0.0,90785628.0,65.65,832.0,1553787764.0853505,120008079.35,7726.5047
1742,1742,51.28,sysbench 1.1.0,ule_wwc_v3 scheduling policy,400,300.2061,mongo v4.1.8,ule_wwc_v3 scheduling policy,2340104,3315.0,1740515.0,751860.0,2135599497.0,751860.0,1814032627.0,0.0,0.0,8356457.0,52640226633.0,252.0,384283.0,151728011.0,32325962457.0,0.0,0.0,748352.0,112683943.0,0.0,0.0,0.0,0.0,12983.0,71004701.0,22.0,12093.0,0.0,0.0,0.0,0.0,21.0,24727.0,18.0,69140.0,381.0,3603259.0,0.0,0.0,162354082.0,89107163629.0,550.0,1819754.0,0.0,0.0,/home/dc/storage/i80/mongo/r4.1.8/08d20bce379e0e67c227fa8c5500faaa/data/v6pRlkIO0PsBV8,19061175.0,22897783222733.0,36844091.0,1546292154.0,92180459.0,216560204434.0,92180459.0,120022176776.0,19440361.0,20700590819.0,12128964.0,288629726770.0,81488673.0,2146605479.0,150949995.0,268885456379.0,0.0,0.0,123618411.0,64551343664.0,0.0,0.0,0.0,0.0,88130288.0,769159161794.0,1325.0,196219.0,0.0,0.0,0.0,0.0,1325.0,67188.0,1354.0,43933.0,11874561.0,49192120495.0,88383179.0,2450600167.0,840007949.0,1875893692449.0,42784504.0,72049106178.0,0.0,0.0,4.19.0-ipanema-g8cd6f0a04f0c,i80,1699.7,6.31,12896088.0,80696463.0,88902083.0,143454943.0,0.0,88900061.0,64.47,740.0,1553765218.472606,120008518.32,7794.992
1750,1750,10.02,sysbench 1.1.0,ule_wwc_v3 scheduling policy,64,300.0219,mongo v4.1.8,ule_wwc_v3 scheduling policy,1914817,1185.0,485536.0,415401.0,859846564.0,415401.0,1041367408.0,0.0,0.0,7756208.0,49232592625.0,1462.0,1995570.0,144904985.0,149785858807.0,0.0,0.0,413962.0,57511878.0,0.0,0.0,0.0,0.0,12207.0,26376717.0,10.0,4307.0,0.0,0.0,0.0,0.0,9.0,7612.0,7.0,16633.0,358.0,2877778.0,0.0,0.0,153921291.0,201009165694.0,96.0,224259.0,0.0,0.0,/home/dc/storage/i80/mongo/r4.1.8/08d20bce379e0e67c227fa8c5500faaa/data/pvesdqggW3sako,71658533.0,54487016779677.0,83809.0,1815550.0,72140978.0,118398191659.0,72140978.0,88049568582.0,71557971.0,42745787902.0,8731647.0,135186539353.0,13311885.0,284222322.0,144448519.0,164821314262.0,0.0,0.0,72422526.0,10774573306.0,0.0,0.0,0.0,0.0,72076578.0,159771461807.0,317.0,40420.0,0.0,0.0,0.0,0.0,317.0,15212.0,346.0,7601.0,4943671.0,14054203421.0,72078720.0,1966360971.0,604338140.0,736309594801.0,399878.0,255492433.0,0.0,0.0,4.19.0-ipanema-g8cd6f0a04f0c,i80,78.75,5.35,11690780.0,13313222.0,72512967.0,144520051.0,0.0,72511964.0,12.08,381.0,1553770561.7347322,19195723.36,6382.2576
1757,1757,32.57,sysbench 1.1.0,ule_wwc_v3 scheduling policy,256,300.1163,mongo v4.1.8,ule_wwc_v3 scheduling policy,2357915,2840.0,1535708.0,723111.0,2093183327.0,723111.0,1612589826.0,0.0,0.0,10860487.0,67478090004.0,880.0,1562635.0,188798706.0,65335533375.0,0.0,0.0,720099.0,111294624.0,0.0,0.0,0.0,0.0,12083.0,91773837.0,7.0,5434.0,0.0,0.0,0.0,0.0,6.0,7235.0,6.0,17020.0,330.0,3232166.0,0.0,0.0,201842210.0,136730433404.0,544.0,1608213.0,0.0,0.0,/home/dc/storage/i80/mongo/r4.1.8/08d20bce379e0e67c227fa8c5500faaa/data/fd3wGoqkGyvTFt,51500862.0,26286271339374.0,6281225.0,166076218.0,96113020.0,229899458841.0,96113021.0,148505203399.0,51546765.0,53707410845.0,12129945.0,263237588721.0,82189962.0,2071115077.0,188052708.0,312240997797.0,0.0,0.0,113147705.0,43822125683.0,0.0,0.0,0.0,0.0,92688765.0,598097368216.0,893.0,121479.0,0.0,0.0,0.0,0.0,893.0,43795.0,922.0,19227.0,11470750.0,52087639641.0,92940015.0,2441706183.0,885595295.0,1776253946934.0,42918706.0,69977071812.0,0.0,0.0,4.19.0-ipanema-g8cd6f0a04f0c,i80,1271.56,7.11,12911836.0,81743019.0,93432228.0,165395554.0,0.0,93430651.0,41.85,658.0,1553781641.7211432,76795027.33,7856.6696
1759,1759,6.91,sysbench 1.1.0,ule_wwc_v3 scheduling policy,32,300.0105,mongo v4.1.8,ule_wwc_v3 scheduling policy,1388904,625.0,211721.0,627334.0,1548673935.0,627334.0,1724143488.0,0.0,0.0,4054359.0,20982485862.0,168.0,236165.0,106154076.0,38003755888.0,0.0,0.0,626545.0,110043727.0,0.0,0.0,0.0,0.0,435469.0,440882200.0,17.0,9636.0,0.0,0.0,0.0,0.0,15.0,11537.0,13.0,38984.0,3035.0,12890914.0,0.0,0.0,112529042.0,62823497119.0,52.0,113062.0,0.0,0.0,/home/dc/storage/i80/mongo/r4.1.8/08d20bce379e0e67c227fa8c5500faaa/data/wt7DucKnodG0v1,52700940.0,64752402222133.0,384.0,28294.0,52243915.0,74404100390.0,52243915.0,55346762584.0,52241127.0,27751482574.0,5103843.0,63096063708.0,61607.0,1327775.0,105076972.0,108318451463.0,0.0,0.0,52410244.0,6074998172.0,0.0,0.0,0.0,0.0,52243560.0,95983982949.0,221.0,31051.0,0.0,0.0,0.0,0.0,221.0,9950.0,250.0,5751.0,2532482.0,3693779823.0,52243591.0,1130530761.0,426812069.0,436084240143.0,409737.0,282684898.0,0.0,0.0,4.19.0-ipanema-g8cd6f0a04f0c,i80,65.06,5.47,12271568.0,61776.0,52893187.0,105763859.0,0.0,52892274.0,7.43,443.0,1553709807.7165372,9596330.31,4629.5175
1763,1763,9.7,sysbench 1.1.0,ule_wwc_v3 scheduling policy,64,300.0222,mongo v4.1.8,ule_wwc_v3 scheduling policy,1979890,1124.0,436267.0,419487.0,887450785.0,419487.0,1048280727.0,0.0,0.0,7603389.0,48808991495.0,1473.0,2074567.0,149856423.0,149623706585.0,0.0,0.0,418082.0,56378116.0,0.0,0.0,0.0,0.0,11433.0,25487490.0,4.0,1506.0,0.0,0.0,0.0,0.0,4.0,4511.0,3.0,7336.0,317.0,2778316.0,0.0,0.0,158731310.0,200455833342.0,84.0,235641.0,0.0,0.0,/home/dc/storage/i80/mongo/r4.1.8/08d20bce379e0e67c227fa8c5500faaa/data/itQg2SiBGEhn9Z,74119681.0,50940380719479.0,86848.0,2217985.0,74630460.0,125318677648.0,74630461.0,90803814204.0,74022325.0,44809346970.0,8782160.0,136798254264.0,13835179.0,294383285.0,149397873.0,175615055291.0,0.0,0.0,74918688.0,13115223339.0,0.0,0.0,0.0,0.0,74565389.0,164723389036.0,317.0,41917.0,0.0,0.0,0.0,0.0,317.0,15732.0,346.0,9212.0,4937261.0,14077911649.0,74567244.0,3568657333.0,624765074.0,769388521996.0,390206.0,261524131.0,0.0,0.0,4.19.0-ipanema-g8cd6f0a04f0c,i80,103.31,5.5,11512442.0,13836530.0,75005011.0,149480698.0,0.0,75004012.0,11.45,403.0,1553789090.745342,19195551.64,6599.1452
1768,1768,31.39,sysbench 1.1.0,ule_wwc_v3 scheduling policy,256,300.1079,mongo v4.1.8,ule_wwc_v3 scheduling policy,2446104,2990.0,1281968.0,1143612.0,3662631520.0,1143612.0,2819298583.0,0.0,0.0,10919431.0,69098159698.0,39836.0,44824912.0,194004226.0,72405692329.0,0.0,0.0,1139916.0,264767735.0,0.0,0.0,0.0,0.0,417249.0,1807909785.0,5.0,1935.0,0.0,0.0,0.0,0.0,5.0,3749.0,3.0,9226.0,3618.0,23632838.0,0.0,0.0,208814905.0,150129524309.0,402.0,1310031.0,0.0,0.0,/home/dc/storage/i80/mongo/r4.1.8/08d20bce379e0e67c227fa8c5500faaa/data/dgpAK78lsMMYDN,52491383.0,25569848728256.0,6320163.0,385362895.0,98133614.0,238369938815.0,98133615.0,140991789790.0,52409746.0,57581088884.0,12176868.0,265316930173.0,84410882.0,2077794580.0,192671930.0,317175770618.0,0.0,0.0,116378313.0,54311073875.0,0.0,0.0,0.0,0.0,94667137.0,597556243604.0,893.0,125324.0,0.0,0.0,0.0,0.0,893.0,47644.0,922.0,20627.0,11466210.0,50708838949.0,94885988.0,2129589859.0,906167340.0,1795063436532.0,44510166.0,68458820895.0,0.0,0.0,4.19.0-ipanema-g8cd6f0a04f0c,i80,1241.51,6.64,14786644.0,84026287.0,95832092.0,170039003.0,0.0,95830518.0,39.65,680.0,1553762566.7007663,76794929.16,8150.7493
1770,1770,32.24,sysbench 1.1.0,ule_wwc_v3 scheduling policy,256,300.1247,mongo v4.1.8,ule_wwc_v3 scheduling policy,2382208,2856.0,1288210.0,1110597.0,3443025876.0,1110597.0,2796862139.0,0.0,0.0,10901142.0,68551734741.0,37021.0,44188508.0,191368705.0,69144949255.0,0.0,0.0,1106969.0,197973043.0,0.0,0.0,0.0,0.0,395909.0,1849381705.0,19.0,14580.0,0.0,0.0,0.0,0.0,17.0,25235.0,16.0,49729.0,3287.0,22362356.0,0.0,0.0,206037548.0,146053120410.0,413.0,1265033.0,0.0,0.0,/home/dc/storage/i80/mongo/r4.1.8/08d20bce379e0e67c227fa8c5500faaa/data/3nXn2PTpSY8PIl,52015740.0,21941552276664.0,6392595.0,194820841.0,97108319.0,232959303251.0,97108319.0,145034458885.0,51944079.0,54801790721.0,12180698.0,269348252612.0,83108117.0,2050949487.0,190092204.0,302018739181.0,0.0,0.0,114628670.0,43839762483.0,0.0,0.0,0.0,0.0,93643311.0,604749190643.0,893.0,116453.0,0.0,0.0,0.0,0.0,893.0,44360.0,922.0,21698.0,11462146.0,50229223449.0,93885570.0,2611119462.0,894956013.0,1776142354533.0,43399277.0,68304561007.0,0.0,0.0,4.19.0-ipanema-g8cd6f0a04f0c,i80,1230.51,7.01,16530291.0,82711798.0,94774253.0,167779539.0,0.0,94772665.0,40.37,706.0,1553733604.946359,76795857.61,7937.3943
1776,1776,6.92,sysbench 1.1.0,ule_wwc_v3 scheduling policy,32,300.0117,mongo v4.1.8,ule_wwc_v3 scheduling policy,1386156,600.0,181093.0,594182.0,1504399704.0,594182.0,1608959700.0,0.0,0.0,4099619.0,20983390305.0,130.0,173246.0,105809214.0,38661250571.0,0.0,0.0,593325.0,106423685.0,0.0,0.0,0.0,0.0,411934.0,416900800.0,10.0,4930.0,0.0,0.0,0.0,0.0,9.0,7115.0,7.0,22951.0,2381.0,10641864.0,0.0,0.0,112105629.0,63292410947.0,36.0,54983.0,0.0,0.0,/home/dc/storage/i80/mongo/r4.1.8/08d20bce379e0e67c227fa8c5500faaa/data/LX50SgJ4oDaSm1,52557044.0,60580335449550.0,378.0,19865.0,52124060.0,71680842392.0,52124060.0,52561920926.0,52121821.0,27925628785.0,5111203.0,65765115163.0,54202.0,1171279.0,104791423.0,108897448708.0,0.0,0.0,52289619.0,5906056459.0,0.0,0.0,0.0,0.0,52123779.0,92847068140.0,221.0,32780.0,0.0,0.0,0.0,0.0,221.0,11004.0,250.0,5696.0,2537617.0,3694989348.0,52123803.0,1130271335.0,425767902.0,430612095970.0,365245.0,201514090.0,0.0,0.0,4.19.0-ipanema-g8cd6f0a04f0c,i80,64.63,5.59,15464727.0,54347.0,52739107.0,105464991.0,0.0,52738200.0,7.43,463.0,1553730989.0611966,9596676.3,4620.3403
1779,1779,17.0,sysbench 1.1.0,ule_wwc_v3 scheduling policy,128,300.0539,mongo v4.1.8,ule_wwc_v3 scheduling policy,2257835,1734.0,745273.0,1037865.0,3000123392.0,1037865.0,2712148863.0,0.0,0.0,11481025.0,81788109409.0,178628.0,191958476.0,179174925.0,120684397310.0,0.0,0.0,1035751.0,233290960.0,0.0,0.0,0.0,0.0,438677.0,1250154811.0,17.0,6587.0,0.0,0.0,0.0,0.0,15.0,14043.0,6.0,18624.0,1982.0,12085050.0,0.0,0.0,194388804.0,209873940408.0,314.0,887610.0,0.0,0.0,/home/dc/storage/i80/mongo/r4.1.8/08d20bce379e0e67c227fa8c5500faaa/data/lLk66OiSvZUlto,84799109.0,38135165941446.0,1781704.0,42381350.0,93632970.0,216697834152.0,93632970.0,147970073545.0,83373596.0,75973212519.0,12107673.0,226559285196.0,52414214.0,1095179651.0,177705823.0,261196061555.0,0.0,0.0,92721579.0,14376192419.0,0.0,0.0,0.0,0.0,92143000.0,350883275281.0,509.0,64114.0,0.0,0.0,0.0,0.0,509.0,26464.0,538.0,12040.0,9070003.0,37242071974.0,92224583.0,2332790664.0,801294712.0,1334764515645.0,485041.0,396054721.0,0.0,0.0,4.19.0-ipanema-g8cd6f0a04f0c,i80,193.03,5.5,13840841.0,52522739.0,93202968.0,178584332.0,0.0,93201774.0,20.37,226.0,1553726148.7136855,38393892.55,7524.7656
1862,1862,10.08,sysbench 1.1.0,ule scheduling policy,64,300.0206,mongo v4.1.8,ule scheduling policy,1903986,1158.0,492233.0,406675.0,836179594.0,406675.0,983127734.0,0.0,0.0,7731215.0,49448472538.0,1110.0,1541047.0,144022870.0,164346138367.0,0.0,0.0,405232.0,54421333.0,0.0,0.0,0.0,0.0,11845.0,23516995.0,5.0,2766.0,0.0,0.0,0.0,0.0,3.0,2330.0,2.0,4248.0,384.0,3526646.0,0.0,0.0,152987274.0,215697727491.0,100.0,301660.0,0.0,0.0,/home/dc/storage/i80/mongo/r4.1.8/7ed820339da525f8ded44c1f730285e2/data/AKOYCJm9PI0fzF,71164100.0,52800269500822.0,149230.0,3116981.0,71770088.0,116563448414.0,71770088.0,91839536281.0,71175200.0,326460484518.0,8738263.0,129234856835.0,13820278.0,303336102.0,143569681.0,446394830172.0,0.0,0.0,72094288.0,12387968765.0,0.0,0.0,0.0,0.0,71748357.0,167130318007.0,317.0,41458.0,0.0,0.0,0.0,0.0,317.0,15525.0,346.0,13527.0,4927368.0,13806533657.0,71750558.0,1718576077.0,601863672.0,1306065970149.0,349293.0,222893830.0,0.0,0.0,4.19.0-ipanema-g8cd6f0a04f0c,i80,82.21,5.58,12096003.0,13821290.0,72175392.0,143683533.0,0.0,72174394.0,11.87,278.0,1553771021.7058249,19195600.77,6346.1839
1863,1863,32.16,sysbench 1.1.0,ule scheduling policy,256,300.1101,mongo v4.1.8,ule scheduling policy,2387547,2820.0,1185823.0,1116705.0,3469573513.0,1116705.0,2701853977.0,0.0,0.0,10849104.0,68784820146.0,50186.0,52295740.0,183657706.0,71490037243.0,0.0,0.0,1113314.0,166637120.0,0.0,0.0,0.0,0.0,418082.0,1818181952.0,10.0,4351.0,0.0,0.0,0.0,0.0,8.0,6370.0,6.0,21121.0,3441.0,24027740.0,0.0,0.0,198328647.0,148510344458.0,560.0,1699362.0,0.0,0.0,/home/dc/storage/i80/mongo/r4.1.8/7ed820339da525f8ded44c1f730285e2/data/rtVlHMqspfqWkN,48217903.0,25752142794679.0,12829369.0,618735555.0,91512063.0,228826083693.0,91512064.0,121870681873.0,53113976.0,515405465209.0,12190035.0,198902764069.0,77311285.0,1972186801.0,182340472.0,775776595451.0,0.0,0.0,112917972.0,52786142404.0,0.0,0.0,0.0,0.0,89762061.0,555275695922.0,893.0,137777.0,0.0,0.0,0.0,0.0,893.0,50069.0,922.0,30133.0,11307409.0,50476889401.0,89965808.0,2403116896.0,868199862.0,2566162109434.0,43434640.0,61847534181.0,0.0,0.0,4.19.0-ipanema-g8cd6f0a04f0c,i80,1242.94,6.86,14126112.0,77047414.0,90899663.0,162276739.0,0.0,90898086.0,41.85,779.0,1553734056.0254858,76795419.23,7955.5699
1871,1871,34.35,sysbench 1.1.0,ule scheduling policy,256,300.1168,mongo v4.1.8,ule scheduling policy,2235367,2618.0,1372376.0,691215.0,2075390711.0,691215.0,1599918359.0,0.0,0.0,10913435.0,70119620245.0,1448.0,2706545.0,176117653.0,65563055130.0,0.0,0.0,688394.0,87890753.0,0.0,0.0,0.0,0.0,12238.0,85888394.0,15.0,7814.0,0.0,0.0,0.0,0.0,7.0,7151.0,6.0,24853.0,399.0,3455600.0,0.0,0.0,189118957.0,139540308253.0,314.0,970322.0,0.0,0.0,/home/dc/storage/i80/mongo/r4.1.8/7ed820339da525f8ded44c1f730285e2/data/IoDrIX6eioovqE,46602251.0,25917771006545.0,12818408.0,316650485.0,88814481.0,211736638463.0,88814482.0,131501685105.0,51589124.0,542820314172.0,12146511.0,197273743631.0,74270274.0,2022397287.0,175408530.0,793206240096.0,0.0,0.0,108217852.0,49768506126.0,0.0,0.0,0.0,0.0,87139361.0,563391700371.0,893.0,117213.0,0.0,0.0,0.0,0.0,893.0,42066.0,922.0,31296.0,11309110.0,50299134340.0,87420334.0,2332371991.0,838680588.0,2605198184565.0,40729413.0,60528611923.0,0.0,0.0,4.19.0-ipanema-g8cd6f0a04f0c,i80,1328.83,6.12,13427590.0,73970057.0,87850679.0,155533996.0,0.0,87849102.0,44.98,762.0,1553783377.081099,76795909.88,7448.3239
1875,1875,7.07,sysbench 1.1.0,ule scheduling policy,32,300.0116,mongo v4.1.8,ule scheduling policy,1356855,655.0,216920.0,614140.0,1453633976.0,614140.0,1637349567.0,0.0,0.0,4201952.0,20724818539.0,427.0,639252.0,103639747.0,40556812669.0,0.0,0.0,613313.0,110458127.0,0.0,0.0,0.0,0.0,423066.0,420992126.0,11.0,5810.0,0.0,0.0,0.0,0.0,10.0,9597.0,8.0,24026.0,2721.0,11129409.0,0.0,0.0,110110233.0,64916173767.0,43.0,83749.0,0.0,0.0,/home/dc/storage/i80/mongo/r4.1.8/7ed820339da525f8ded44c1f730285e2/data/jEIww6g1MAjQGn,51429184.0,62205771311125.0,22015.0,858848.0,51090235.0,71662774469.0,51090235.0,54913392239.0,50978672.0,162466170292.0,5048000.0,55823295165.0,2552028.0,53547281.0,102581088.0,234710478285.0,0.0,0.0,51253584.0,6466431373.0,0.0,0.0,0.0,0.0,51081272.0,98050172845.0,221.0,33109.0,0.0,0.0,0.0,0.0,221.0,12174.0,250.0,10543.0,2515188.0,3537496535.0,51081301.0,1226576601.0,419634190.0,689110760965.0,339880.0,199511206.0,0.0,0.0,4.19.0-ipanema-g8cd6f0a04f0c,i80,81.93,5.31,12627474.0,2552430.0,51716639.0,103315602.0,0.0,51715731.0,8.28,456.0,1553711138.5560098,9596872.77,4522.6751
1876,1876,7.05,sysbench 1.1.0,ule scheduling policy,32,300.0115,mongo v4.1.8,ule scheduling policy,1362105,633.0,215117.0,231890.0,379859488.0,231890.0,548720018.0,0.0,0.0,4515617.0,22510521391.0,308.0,436087.0,103276783.0,38240976122.0,0.0,0.0,231023.0,30176219.0,0.0,0.0,0.0,0.0,11461.0,17053570.0,5.0,1423.0,0.0,0.0,0.0,0.0,5.0,4273.0,3.0,6216.0,360.0,2103190.0,0.0,0.0,108499998.0,61730108684.0,20.0,35570.0,0.0,0.0,/home/dc/storage/i80/mongo/r4.1.8/7ed820339da525f8ded44c1f730285e2/data/WH5MSRNIJLxx3v,51212443.0,63019675699875.0,22242.0,429120.0,51287218.0,71148474433.0,51287218.0,55379063668.0,51172870.0,162470186627.0,4937562.0,53924340186.0,2594260.0,52723550.0,103013002.0,234333661629.0,0.0,0.0,51478285.0,6834716449.0,0.0,0.0,0.0,0.0,51278201.0,100236279834.0,221.0,34309.0,0.0,0.0,0.0,0.0,221.0,12223.0,250.0,9018.0,2516153.0,3706010839.0,51278246.0,1231151720.0,421218218.0,689531862861.0,352269.0,214769256.0,0.0,0.0,4.19.0-ipanema-g8cd6f0a04f0c,i80,77.59,5.32,11611160.0,2594530.0,51530598.0,102939712.0,0.0,51529695.0,8.13,332.0,1553765679.709612,9596859.78,4540.1766
1885,1885,16.86,sysbench 1.1.0,ule scheduling policy,128,300.0486,mongo v4.1.8,ule scheduling policy,2277653,1755.0,701296.0,619612.0,1652063206.0,619612.0,1413598548.0,0.0,0.0,11153617.0,77247548145.0,5611.0,8322218.0,176336326.0,141089690911.0,0.0,0.0,617674.0,82020656.0,0.0,0.0,0.0,0.0,11933.0,61394966.0,9.0,4289.0,0.0,0.0,0.0,0.0,7.0,10932.0,6.0,21843.0,369.0,3989681.0,0.0,0.0,189366826.0,221560328705.0,295.0,962014.0,0.0,0.0,/home/dc/storage/i80/mongo/r4.1.8/7ed820339da525f8ded44c1f730285e2/data/VbCumtLfuFLN21,81814459.0,35350055689122.0,3581898.0,193043912.0,93099660.0,204380671500.0,93099660.0,157704340775.0,83753190.0,729073557982.0,12001239.0,189550438862.0,50946289.0,1137917074.0,175670964.0,928442089962.0,0.0,0.0,93407222.0,18157850385.0,0.0,0.0,0.0,0.0,92821412.0,345246911415.0,509.0,67002.0,0.0,0.0,0.0,0.0,509.0,23893.0,538.0,21667.0,8985520.0,35947388860.0,92896807.0,2157576774.0,800675338.0,2612313672012.0,409921.0,321771949.0,0.0,0.0,4.19.0-ipanema-g8cd6f0a04f0c,i80,200.3,5.68,13701745.0,50890961.0,93461245.0,175863181.0,0.0,93460050.0,20.74,236.0,1553783832.7981145,38394309.82,7590.9471
1902,1902,50.89,sysbench 1.1.0,ule scheduling policy,400,300.1814,mongo v4.1.8,ule scheduling policy,2358206,3404.0,1775785.0,1138083.0,3382566629.0,1138083.0,2855179311.0,0.0,0.0,9325820.0,57342263334.0,5836.0,8497877.0,153902879.0,42578695577.0,0.0,0.0,1134006.0,172600750.0,0.0,0.0,0.0,0.0,426549.0,983806643.0,8.0,4337.0,0.0,0.0,0.0,0.0,7.0,6052.0,6.0,19311.0,3188.0,21575531.0,0.0,0.0,167078182.0,107348087931.0,313.0,1096794.0,0.0,0.0,/home/dc/storage/i80/mongo/r4.1.8/7ed820339da525f8ded44c1f730285e2/data/gjmDNGwzreoCoO,22962678.0,25667254271668.0,28767963.0,687415813.0,87475589.0,207585450962.0,87475589.0,96512972002.0,28301416.0,268925234033.0,12173291.0,217678497220.0,80932418.0,2012777579.0,152595292.0,514963750028.0,0.0,0.0,121321515.0,70070856476.0,0.0,0.0,0.0,0.0,85481720.0,693113732475.0,1325.0,201385.0,0.0,0.0,0.0,0.0,1325.0,79162.0,1354.0,47153.0,11785276.0,51829956719.0,85740260.0,1930463679.0,825144121.0,2186901848208.0,43089788.0,61590413522.0,0.0,0.0,4.19.0-ipanema-g8cd6f0a04f0c,i80,2217.64,6.4,14021185.0,80273394.0,86641104.0,145447057.0,0.0,86639095.0,65.65,793.0,1553764346.276052,120007643.53,7855.9375
1906,1906,54.22,sysbench 1.1.0,ule scheduling policy,400,300.1826,mongo v4.1.8,ule scheduling policy,2213267,3110.0,1783639.0,1135204.0,3489535982.0,1135204.0,2919551358.0,0.0,0.0,9255974.0,57431233555.0,6391.0,9628294.0,146841698.0,42546203755.0,0.0,0.0,1131342.0,278306401.0,0.0,0.0,0.0,0.0,421748.0,1026689503.0,9.0,4351.0,0.0,0.0,0.0,0.0,8.0,9349.0,6.0,28543.0,4408.0,26306797.0,0.0,0.0,159935427.0,107730476650.0,325.0,1195123.0,0.0,0.0,/home/dc/storage/i80/mongo/r4.1.8/7ed820339da525f8ded44c1f730285e2/data/KQKsDnZmg6TObK,22380107.0,24995272437701.0,26835612.0,689062204.0,83571680.0,203544409609.0,83571681.0,98541150205.0,27356150.0,267500105358.0,12166110.0,221589800974.0,77081588.0,6840915545.0,145542159.0,521434232060.0,0.0,0.0,114972559.0,62875616852.0,0.0,0.0,0.0,0.0,81556903.0,704965647797.0,1325.0,217870.0,0.0,0.0,0.0,0.0,1325.0,67936.0,1354.0,65101.0,11776132.0,49869567679.0,81854705.0,2021423504.0,786783207.0,2203469359071.0,40493924.0,63597076377.0,0.0,0.0,4.19.0-ipanema-g8cd6f0a04f0c,i80,2089.43,6.38,13823484.0,76518981.0,82713315.0,138512184.0,0.0,82711306.0,69.29,838.0,1553712447.408139,120005338.32,7373.0693
1908,1908,16.56,sysbench 1.1.0,ule scheduling policy,128,300.0471,mongo v4.1.8,ule scheduling policy,2318721,1809.0,758976.0,624722.0,1672612960.0,624723.0,1425913804.0,0.0,0.0,11127436.0,78002890153.0,5761.0,8390272.0,179680583.0,137481891938.0,0.0,0.0,622709.0,88965958.0,0.0,0.0,0.0,0.0,14440.0,65886916.0,88.0,51337.0,0.0,0.0,0.0,0.0,86.0,66599.0,82.0,268175.0,477.0,4184126.0,0.0,0.0,192703147.0,218752563334.0,231.0,682120.0,0.0,0.0,/home/dc/storage/i80/mongo/r4.1.8/7ed820339da525f8ded44c1f730285e2/data/Fkh3I8hzBdIiAH,83411871.0,35514044741399.0,3637804.0,108655647.0,94832723.0,209804976419.0,94832723.0,146593369272.0,85371372.0,709777368901.0,12027378.0,190194488121.0,52058086.0,1160562333.0,179007852.0,906649525399.0,0.0,0.0,95143567.0,17779911854.0,0.0,0.0,0.0,0.0,94557611.0,353435991550.0,509.0,65196.0,0.0,0.0,0.0,0.0,509.0,27311.0,538.0,19489.0,8987826.0,37026185720.0,94639881.0,2196370239.0,815506301.0,2575079660531.0,407922.0,352143080.0,0.0,0.0,4.19.0-ipanema-g8cd6f0a04f0c,i80,203.94,5.63,14003518.0,51999175.0,95202649.0,179202185.0,0.0,95201379.0,20.37,203.0,1553768800.0762928,38393979.67,7727.8578
1912,1912,9.59,sysbench 1.1.0,ule scheduling policy,64,300.0238,mongo v4.1.8,ule scheduling policy,2001427,1236.0,452076.0,415511.0,881584858.0,415510.0,1009690884.0,0.0,0.0,7956040.0,51057442037.0,1124.0,1693996.0,150869884.0,160451302531.0,0.0,0.0,414013.0,51737711.0,0.0,0.0,0.0,0.0,12211.0,25841075.0,20.0,11324.0,0.0,0.0,0.0,0.0,19.0,13305.0,17.0,53316.0,363.0,3162633.0,0.0,0.0,160086075.0,213483270421.0,127.0,284675.0,0.0,0.0,/home/dc/storage/i80/mongo/r4.1.8/7ed820339da525f8ded44c1f730285e2/data/xBPOeep4WBimzI,74522163.0,52780740048922.0,156366.0,6435628.0,75167420.0,124148091705.0,75167420.0,96600161993.0,74538921.0,345113709950.0,8857851.0,129850783705.0,14771212.0,325208111.0,150407924.0,470923544778.0,0.0,0.0,75500736.0,12769043698.0,0.0,0.0,0.0,0.0,75145316.0,170779991628.0,317.0,38739.0,0.0,0.0,0.0,0.0,317.0,13889.0,346.0,13088.0,4929984.0,14096919241.0,75146656.0,1679666860.0,630214345.0,1366555822717.0,423559.0,262199704.0,0.0,0.0,4.19.0-ipanema-g8cd6f0a04f0c,i80,83.83,5.44,12217966.0,14772218.0,75581375.0,150457103.0,0.0,75580362.0,11.04,297.0,1553788644.2104983,19195583.83,6670.895
1926,1926,7.01,sysbench 1.1.0,ule scheduling policy,32,300.0115,mongo v4.1.8,ule scheduling policy,1368949,709.0,226056.0,233810.0,387637583.0,233810.0,565807871.0,0.0,0.0,4469509.0,23371575398.0,311.0,475756.0,103772387.0,39942679878.0,0.0,0.0,232891.0,31205069.0,0.0,0.0,0.0,0.0,11859.0,18189706.0,38.0,22161.0,0.0,0.0,0.0,0.0,30.0,25381.0,18.0,54948.0,337.0,2232861.0,0.0,0.0,108955772.0,64320259028.0,63.0,126360.0,0.0,0.0,/home/dc/storage/i80/mongo/r4.1.8/7ed820339da525f8ded44c1f730285e2/data/evl2lb99xrDQOi,51460950.0,62425217356693.0,22924.0,575620.0,51538391.0,72119330791.0,51538391.0,54737129222.0,51421433.0,166067184534.0,4942395.0,53163875045.0,2671281.0,55709430.0,103506039.0,238815708834.0,0.0,0.0,51731706.0,6545869131.0,0.0,0.0,0.0,0.0,51529208.0,99692019540.0,221.0,30390.0,0.0,0.0,0.0,0.0,221.0,11331.0,250.0,8991.0,2515466.0,3705353017.0,51529263.0,1411506974.0,423291071.0,696527581723.0,343882.0,213268873.0,0.0,0.0,4.19.0-ipanema-g8cd6f0a04f0c,i80,81.6,5.19,11859159.0,2671576.0,51783481.0,103443597.0,0.0,51782563.0,8.13,416.0,1553779450.4534905,9596876.2,4562.9888
1932,1932,9.8,sysbench 1.1.0,ule scheduling policy,64,300.0218,mongo v4.1.8,ule scheduling policy,1958526,1183.0,437308.0,812639.0,2108078212.0,812639.0,2188811463.0,0.0,0.0,7836897.0,50413871372.0,2129.0,2442635.0,148888850.0,164851221111.0,0.0,0.0,811211.0,137896303.0,0.0,0.0,0.0,0.0,425724.0,485270339.0,18.0,11157.0,0.0,0.0,0.0,0.0,9.0,7325.0,8.0,30922.0,3571.0,20740042.0,0.0,0.0,159595009.0,220209137342.0,131.0,319153.0,0.0,0.0,/home/dc/storage/i80/mongo/r4.1.8/7ed820339da525f8ded44c1f730285e2/data/09LyeuAne1S3kL,73566892.0,52940836911920.0,147910.0,3132983.0,73772645.0,122547613443.0,73772645.0,94290043614.0,73164249.0,333983162859.0,8940004.0,131602203608.0,14469104.0,314147986.0,147613108.0,455176757731.0,0.0,0.0,74087364.0,12694477281.0,0.0,0.0,0.0,0.0,73750971.0,168510198736.0,317.0,42269.0,0.0,0.0,0.0,0.0,317.0,16010.0,346.0,13784.0,4929693.0,13660939192.0,73752846.0,1693753483.0,618812451.0,1334745644701.0,410932.0,269141722.0,0.0,0.0,4.19.0-ipanema-g8cd6f0a04f0c,i80,86.92,5.51,13804195.0,14471133.0,74585023.0,148487372.0,0.0,74584019.0,11.45,348.0,1553735831.2766874,19195616.23,6527.9448
1936,1936,6.98,sysbench 1.1.0,ule scheduling policy,32,300.0122,mongo v4.1.8,ule scheduling policy,1375049,583.0,217779.0,614529.0,1420954476.0,614529.0,1568295855.0,0.0,0.0,4239345.0,21779967478.0,487.0,681955.0,105022443.0,40878956763.0,0.0,0.0,613775.0,102991533.0,0.0,0.0,0.0,0.0,419111.0,398959685.0,4.0,1306.0,0.0,0.0,0.0,0.0,4.0,4047.0,3.0,8419.0,3448.0,13996025.0,0.0,0.0,111528298.0,66165092076.0,37.0,56755.0,0.0,0.0,/home/dc/storage/i80/mongo/r4.1.8/7ed820339da525f8ded44c1f730285e2/data/cg9b6ujBkNivHO,52083224.0,61368308177051.0,22600.0,563391.0,51751672.0,72446072308.0,51751672.0,55195615544.0,51636710.0,164512998361.0,5049800.0,55156731777.0,2604630.0,55747658.0,103967958.0,237068470018.0,0.0,0.0,51920854.0,6825965609.0,0.0,0.0,0.0,0.0,51743019.0,100930128945.0,221.0,30826.0,0.0,0.0,0.0,0.0,221.0,10731.0,250.0,8874.0,2513902.0,3698219231.0,51743095.0,1243950435.0,425107827.0,697386188749.0,401223.0,251675041.0,0.0,0.0,4.19.0-ipanema-g8cd6f0a04f0c,i80,76.93,5.15,12611038.0,2605045.0,52378607.0,104637221.0,0.0,52377704.0,8.13,440.0,1553731440.0360534,9596802.54,4583.311
1941,1941,31.91,sysbench 1.1.0,ule scheduling policy,256,300.1115,mongo v4.1.8,ule scheduling policy,2406554,2845.0,1170325.0,1122651.0,3539286800.0,1122651.0,2715745938.0,0.0,0.0,10837228.0,70356252125.0,50455.0,54491420.0,183378662.0,71185025438.0,0.0,0.0,1119187.0,157505887.0,0.0,0.0,0.0,0.0,420565.0,1813493292.0,8.0,4698.0,0.0,0.0,0.0,0.0,6.0,5464.0,5.0,14772.0,3804.0,24516262.0,0.0,0.0,198058382.0,149848469733.0,315.0,957312.0,0.0,0.0,/home/dc/storage/i80/mongo/r4.1.8/7ed820339da525f8ded44c1f730285e2/data/ZAQSJk9CPOPve3,48008306.0,26257381533086.0,12745956.0,608237297.0,90934914.0,217378690822.0,90934915.0,120531839770.0,52941689.0,521158918832.0,12193776.0,196892891785.0,77102244.0,1923070935.0,182053919.0,777096389752.0,0.0,0.0,112792859.0,54711726553.0,0.0,0.0,0.0,0.0,89277814.0,539652514137.0,893.0,118419.0,0.0,0.0,0.0,0.0,893.0,41528.0,922.0,30189.0,11318523.0,49799800243.0,89475522.0,2177465209.0,865624582.0,2541404841402.0,43849743.0,59473105931.0,0.0,0.0,4.19.0-ipanema-g8cd6f0a04f0c,i80,1270.69,6.61,14123458.0,76847119.0,90421468.0,161948105.0,0.0,90419892.0,41.85,759.0,1553763021.180026,76794819.82,8018.8668
1947,1947,17.86,sysbench 1.1.0,ule scheduling policy,128,300.0448,mongo v4.1.8,ule scheduling policy,2149150,1753.0,676915.0,1012870.0,2956622784.0,1012870.0,2707336225.0,0.0,0.0,11338458.0,79823554382.0,167776.0,186394306.0,170196588.0,151798140698.0,0.0,0.0,1010801.0,170859176.0,0.0,0.0,0.0,0.0,427908.0,1277353772.0,9.0,7271.0,0.0,0.0,0.0,0.0,7.0,6467.0,6.0,18944.0,3371.0,19202422.0,0.0,0.0,185172760.0,238941032302.0,343.0,858940.0,0.0,0.0,/home/dc/storage/i80/mongo/r4.1.8/7ed820339da525f8ded44c1f730285e2/data/MfzUR9Iatndtik,79036749.0,36120466253326.0,3406303.0,86897639.0,89272051.0,194119910925.0,89272051.0,144552950774.0,80461973.0,721432132389.0,12037278.0,191319790459.0,48086560.0,1120096280.0,168756254.0,898900289365.0,0.0,0.0,89562776.0,17201519987.0,0.0,0.0,0.0,0.0,88992928.0,339901323872.0,509.0,62826.0,0.0,0.0,0.0,0.0,509.0,25177.0,538.0,20835.0,8995575.0,36368889970.0,89096314.0,2644776790.0,768369611.0,2547973409732.0,427992.0,324722444.0,0.0,0.0,4.19.0-ipanema-g8cd6f0a04f0c,i80,201.81,5.45,14544499.0,48195312.0,90027180.0,169636075.0,0.0,90025986.0,21.5,261.0,1553727477.0017998,38394131.39,7162.7645
1956,1956,54.03,sysbench 1.1.0,ule scheduling policy,400,300.1847,mongo v4.1.8,ule scheduling policy,2221163,3270.0,1705088.0,717981.0,2115539782.0,717981.0,1666001689.0,0.0,0.0,9180849.0,56741641617.0,286.0,523558.0,146342301.0,41212217414.0,0.0,0.0,714497.0,80172568.0,0.0,0.0,0.0,0.0,12746.0,84248810.0,16.0,10446.0,0.0,0.0,0.0,0.0,11.0,22245.0,10.0,33233.0,386.0,3520084.0,0.0,0.0,157690768.0,101907208563.0,434.0,1572029.0,0.0,0.0,/home/dc/storage/i80/mongo/r4.1.8/7ed820339da525f8ded44c1f730285e2/data/jLaHuDnyPsQbOt,22204498.0,25948354515279.0,27052852.0,939392900.0,83882254.0,201992627619.0,83882254.0,101789378282.0,27405138.0,271901069623.0,12127492.0,219128933799.0,77341456.0,1954554996.0,145604281.0,519865592319.0,0.0,0.0,115172100.0,67981579994.0,0.0,0.0,0.0,0.0,81876952.0,709113607941.0,1325.0,184612.0,0.0,0.0,0.0,0.0,1325.0,62562.0,1354.0,49975.0,11786508.0,48934821257.0,82153067.0,2004206965.0,788846780.0,2206269784094.0,40558422.0,60663721250.0,0.0,0.0,4.19.0-ipanema-g8cd6f0a04f0c,i80,2232.31,6.3,13330960.0,76735767.0,82615421.0,138118047.0,0.0,82613407.0,69.29,770.0,1553786474.9388235,120008185.49,7399.3217
1957,1957,53.41,sysbench 1.1.0,ule scheduling policy,400,300.1868,mongo v4.1.8,ule scheduling policy,2246729,3311.0,1543955.0,1134942.0,3551512015.0,1134942.0,2899361269.0,0.0,0.0,9325118.0,57297074430.0,6667.0,10383715.0,149174060.0,43104578278.0,0.0,0.0,1130848.0,181026202.0,0.0,0.0,0.0,0.0,426590.0,1036787635.0,4.0,1760.0,0.0,0.0,0.0,0.0,4.0,3682.0,2.0,8437.0,4251.0,25317156.0,0.0,0.0,162341186.0,108109195138.0,447.0,1596604.0,0.0,0.0,/home/dc/storage/i80/mongo/r4.1.8/7ed820339da525f8ded44c1f730285e2/data/0Ekei3Et6lJ91t,22694334.0,25792912492669.0,27267302.0,1049078610.0,85058195.0,209702863412.0,85058195.0,97896461596.0,27943572.0,281096957638.0,12167524.0,218614743261.0,78436904.0,2223418468.0,147870217.0,529549249533.0,0.0,0.0,116844772.0,69493509391.0,0.0,0.0,0.0,0.0,83054935.0,717682090308.0,1325.0,190822.0,0.0,0.0,0.0,0.0,1325.0,70657.0,1354.0,42793.0,11774426.0,48250437615.0,83324557.0,2244975440.0,799856440.0,2239205860585.0,41051837.0,61401771041.0,0.0,0.0,4.19.0-ipanema-g8cd6f0a04f0c,i80,2250.61,6.67,13934982.0,77823137.0,84211003.0,140698293.0,0.0,84208997.0,69.29,864.0,1553728365.7367074,120006195.06,7484.4369
